"variable","countyfips","year","value"
"ADJPOPC","3","1990",13617.7295119504
"ADJPOPC","7","1990",5352.28672600121
"ADJPOPC","9","1990",4556.24408140163
"ADJPOPC","11","1990",5048.27043962147
"ADJPOPC","15","1990",12684.6795277652
"ADJPOPC","17","1990",2397.12841596131
"ADJPOPC","19","1990",7619.40817739224
"ADJPOPC","21","1990",7453.39928417172
"ADJPOPC","23","1990",3190.17089984004
"ADJPOPC","25","1990",3946.21140149492
"ADJPOPC","27","1990",1926.10318278743
"ADJPOPC","29","1990",20981.1239744965
"ADJPOPC","33","1990",1504.08057472082
"ADJPOPC","37","1990",22107.1842983899
"ADJPOPC","39","1990",9746.5221284768
"ADJPOPC","41","1990",397910.31635312
"ADJPOPC","43","1990",32222.7261955316
"ADJPOPC","45","1990",30150.615190996
"ADJPOPC","47","1990",3070.16447100593
"ADJPOPC","49","1990",7967.42682101115
"ADJPOPC","51","1990",10273.5503617733
"ADJPOPC","53","1990",467.025018879403
"ADJPOPC","55","1990",6009.32192386795
"ADJPOPC","57","1990",1605.08598565619
"ADJPOPC","61","1990",1688.09043226645
"ADJPOPC","63","1990",7140.38251562942
"ADJPOPC","65","1990",6007.32181672072
"ADJPOPC","67","1990",32467.7393210679
"ADJPOPC","69","1990",187088.022445227
"ADJPOPC","71","1990",13765.7374408458
"ADJPOPC","73","1990",4715.25259960682
"ADJPOPC","75","1990",17491.9370561448
"ADJPOPC","77","1990",93577.0129905429
"ADJPOPC","79","1990",558.029894078602
"ADJPOPC","81","1990",11357.6084355747
"ADJPOPC","83","1990",18673.0003265872
"ADJPOPC","85","1990",24564.3159287683
"ADJPOPC","87","1990",22074.1825304605
"ADJPOPC","89","1990",20186.0813834706
"ADJPOPC","91","1990",2295.12295145231
"ADJPOPC","93","1990",7260.38894446353
"ADJPOPC","95","1990",4189.22441988398
"ADJPOPC","97","1990",12661.678295572
"ADJPOPC","99","1990",13240.7093146966
"ADJPOPC","101","1990",122892.583447568
"ADJPOPC","103","1990",6063.3248168433
"ADJPOPC","105","1990",10770.5769878612
"ADJPOPC","107","1990",14169.7590845873
"ADJPOPC","109","1990",4619.24745653954
"ADJPOPC","111","1990",745.039912345087
"ADJPOPC","113","1990",3723.1994545782
"ADJPOPC","115","1990",2690.14411303125
"ADJPOPC","117","1990",12926.6924925807
"ADJPOPC","119","1990",12471.6681165847
"ADJPOPC","121","1990",4812.25779624773
"ADJPOPC","123","1990",131971.069788868
"ADJPOPC","125","1990",8954.47969817169
"ADJPOPC","500","1990",1854423.34284482
"ADJPOPC","3","1991",13639
"ADJPOPC","7","1991",5626
"ADJPOPC","9","1991",4441
"ADJPOPC","11","1991",4960
"ADJPOPC","15","1991",12864
"ADJPOPC","17","1991",2476
"ADJPOPC","19","1991",7653
"ADJPOPC","21","1991",7534
"ADJPOPC","23","1991",3256
"ADJPOPC","25","1991",3973
"ADJPOPC","27","1991",2012
"ADJPOPC","29","1991",21229
"ADJPOPC","33","1991",1437
"ADJPOPC","37","1991",23458
"ADJPOPC","39","1991",10268
"ADJPOPC","41","1991",405954
"ADJPOPC","43","1991",32237
"ADJPOPC","45","1991",31230
"ADJPOPC","47","1991",3089
"ADJPOPC","49","1991",8389
"ADJPOPC","51","1991",10416
"ADJPOPC","53","1991",453
"ADJPOPC","55","1991",6057
"ADJPOPC","57","1991",1556
"ADJPOPC","61","1991",1683
"ADJPOPC","63","1991",7161
"ADJPOPC","65","1991",6141
"ADJPOPC","67","1991",33411
"ADJPOPC","69","1991",193542
"ADJPOPC","71","1991",13816
"ADJPOPC","73","1991",5430
"ADJPOPC","75","1991",17503
"ADJPOPC","77","1991",95992
"ADJPOPC","79","1991",570
"ADJPOPC","81","1991",11449
"ADJPOPC","83","1991",19060
"ADJPOPC","85","1991",25275
"ADJPOPC","87","1991",22703
"ADJPOPC","89","1991",20373
"ADJPOPC","91","1991",2419
"ADJPOPC","93","1991",7700
"ADJPOPC","95","1991",4209
"ADJPOPC","97","1991",12982
"ADJPOPC","99","1991",12958
"ADJPOPC","101","1991",123486
"ADJPOPC","103","1991",6027
"ADJPOPC","105","1991",10835
"ADJPOPC","107","1991",14731
"ADJPOPC","109","1991",4732
"ADJPOPC","111","1991",711
"ADJPOPC","113","1991",4130
"ADJPOPC","115","1991",2670
"ADJPOPC","117","1991",13471
"ADJPOPC","119","1991",12712
"ADJPOPC","121","1991",4783
"ADJPOPC","123","1991",135731
"ADJPOPC","125","1991",9011
"ADJPOPC","500","1991",1899337
"ADJPOPC","3","1992",13572
"ADJPOPC","7","1992",5880
"ADJPOPC","9","1992",4302
"ADJPOPC","11","1992",5040
"ADJPOPC","15","1992",13121
"ADJPOPC","17","1992",2407
"ADJPOPC","19","1992",7842
"ADJPOPC","21","1992",7514
"ADJPOPC","23","1992",3190
"ADJPOPC","25","1992",4140
"ADJPOPC","27","1992",2141
"ADJPOPC","29","1992",21869
"ADJPOPC","33","1992",1403
"ADJPOPC","37","1992",24940
"ADJPOPC","39","1992",10766
"ADJPOPC","41","1992",422815
"ADJPOPC","43","1992",33818
"ADJPOPC","45","1992",31339
"ADJPOPC","47","1992",3244
"ADJPOPC","49","1992",8604
"ADJPOPC","51","1992",10776
"ADJPOPC","53","1992",504
"ADJPOPC","55","1992",6181
"ADJPOPC","57","1992",1574
"ADJPOPC","61","1992",1695
"ADJPOPC","63","1992",7232
"ADJPOPC","65","1992",6209
"ADJPOPC","67","1992",34429
"ADJPOPC","69","1992",199666
"ADJPOPC","71","1992",14029
"ADJPOPC","73","1992",5975
"ADJPOPC","75","1992",17562
"ADJPOPC","77","1992",97411
"ADJPOPC","79","1992",590
"ADJPOPC","81","1992",11692
"ADJPOPC","83","1992",19651
"ADJPOPC","85","1992",26223
"ADJPOPC","87","1992",23482
"ADJPOPC","89","1992",20294
"ADJPOPC","91","1992",2535
"ADJPOPC","93","1992",8092
"ADJPOPC","95","1992",4231
"ADJPOPC","97","1992",13371
"ADJPOPC","99","1992",13105
"ADJPOPC","101","1992",124410
"ADJPOPC","103","1992",6180
"ADJPOPC","105","1992",10940
"ADJPOPC","107","1992",15149
"ADJPOPC","109","1992",4788
"ADJPOPC","111","1992",575
"ADJPOPC","113","1992",4565
"ADJPOPC","115","1992",2629
"ADJPOPC","117","1992",13840
"ADJPOPC","119","1992",13670
"ADJPOPC","121","1992",4886
"ADJPOPC","123","1992",140122
"ADJPOPC","125","1992",9001
"ADJPOPC","500","1992",1964622
"ADJPOPC","3","1993",13657
"ADJPOPC","7","1993",6177
"ADJPOPC","9","1993",4326
"ADJPOPC","11","1993",5350
"ADJPOPC","15","1993",13700
"ADJPOPC","17","1993",2306
"ADJPOPC","19","1993",8037
"ADJPOPC","21","1993",7642
"ADJPOPC","23","1993",3337
"ADJPOPC","25","1993",4145
"ADJPOPC","27","1993",2323
"ADJPOPC","29","1993",23233
"ADJPOPC","33","1993",1426
"ADJPOPC","37","1993",26832
"ADJPOPC","39","1993",11542
"ADJPOPC","41","1993",437135
"ADJPOPC","43","1993",36507
"ADJPOPC","45","1993",32574
"ADJPOPC","47","1993",3376
"ADJPOPC","49","1993",8925
"ADJPOPC","51","1993",11311
"ADJPOPC","53","1993",546
"ADJPOPC","55","1993",6439
"ADJPOPC","57","1993",1632
"ADJPOPC","61","1993",1698
"ADJPOPC","63","1993",7267
"ADJPOPC","65","1993",6271
"ADJPOPC","67","1993",35598
"ADJPOPC","69","1993",206844
"ADJPOPC","71","1993",14212
"ADJPOPC","73","1993",5878
"ADJPOPC","75","1993",17959
"ADJPOPC","77","1993",99903
"ADJPOPC","79","1993",600
"ADJPOPC","81","1993",11797
"ADJPOPC","83","1993",20640
"ADJPOPC","85","1993",27287
"ADJPOPC","87","1993",24241
"ADJPOPC","89","1993",20435
"ADJPOPC","91","1993",2653
"ADJPOPC","93","1993",8581
"ADJPOPC","95","1993",4378
"ADJPOPC","97","1993",14061
"ADJPOPC","99","1993",13422
"ADJPOPC","101","1993",126348
"ADJPOPC","103","1993",6259
"ADJPOPC","105","1993",11211
"ADJPOPC","107","1993",15924
"ADJPOPC","109","1993",4826
"ADJPOPC","111","1993",545
"ADJPOPC","113","1993",4864
"ADJPOPC","115","1993",2649
"ADJPOPC","117","1993",15194
"ADJPOPC","119","1993",14735
"ADJPOPC","121","1993",5144
"ADJPOPC","123","1993",145778
"ADJPOPC","125","1993",9166
"ADJPOPC","500","1993",2026197
"ADJPOPC","3","1994",13823
"ADJPOPC","7","1994",6539
"ADJPOPC","9","1994",4391
"ADJPOPC","11","1994",5400
"ADJPOPC","15","1994",14107
"ADJPOPC","17","1994",2291
"ADJPOPC","19","1994",8458
"ADJPOPC","21","1994",7755
"ADJPOPC","23","1994",3376
"ADJPOPC","25","1994",4207
"ADJPOPC","27","1994",2418
"ADJPOPC","29","1994",24343
"ADJPOPC","33","1994",1499
"ADJPOPC","37","1994",29027
"ADJPOPC","39","1994",12847
"ADJPOPC","41","1994",456500
"ADJPOPC","43","1994",38705
"ADJPOPC","45","1994",34496
"ADJPOPC","47","1994",3499
"ADJPOPC","49","1994",9339
"ADJPOPC","51","1994",11671
"ADJPOPC","53","1994",612
"ADJPOPC","55","1994",6923
"ADJPOPC","57","1994",1642
"ADJPOPC","61","1994",1693
"ADJPOPC","63","1994",7340
"ADJPOPC","65","1994",6380
"ADJPOPC","67","1994",36906
"ADJPOPC","69","1994",214936
"ADJPOPC","71","1994",14754
"ADJPOPC","73","1994",5939
"ADJPOPC","75","1994",18828
"ADJPOPC","77","1994",102767
"ADJPOPC","79","1994",646
"ADJPOPC","81","1994",11996
"ADJPOPC","83","1994",21393
"ADJPOPC","85","1994",28502
"ADJPOPC","87","1994",25088
"ADJPOPC","89","1994",20490
"ADJPOPC","91","1994",2902
"ADJPOPC","93","1994",9526
"ADJPOPC","95","1994",4401
"ADJPOPC","97","1994",14539
"ADJPOPC","99","1994",13686
"ADJPOPC","101","1994",128722
"ADJPOPC","103","1994",6314
"ADJPOPC","105","1994",11461
"ADJPOPC","107","1994",16617
"ADJPOPC","109","1994",4942
"ADJPOPC","111","1994",566
"ADJPOPC","113","1994",5305
"ADJPOPC","115","1994",2664
"ADJPOPC","117","1994",17107
"ADJPOPC","119","1994",15790
"ADJPOPC","121","1994",5221
"ADJPOPC","123","1994",151368
"ADJPOPC","125","1994",9276
"ADJPOPC","500","1994",2070132
"ADJPOPC","3","1995",14097
"ADJPOPC","7","1995",7108
"ADJPOPC","9","1995",4428
"ADJPOPC","11","1995",5549
"ADJPOPC","15","1995",14656
"ADJPOPC","17","1995",2269
"ADJPOPC","19","1995",8684
"ADJPOPC","21","1995",7906
"ADJPOPC","23","1995",3511
"ADJPOPC","25","1995",4221
"ADJPOPC","27","1995",2618
"ADJPOPC","29","1995",25193
"ADJPOPC","33","1995",1566
"ADJPOPC","37","1995",30883
"ADJPOPC","39","1995",14328
"ADJPOPC","41","1995",469693
"ADJPOPC","43","1995",40522
"ADJPOPC","45","1995",36417
"ADJPOPC","47","1995",3668
"ADJPOPC","49","1995",9953
"ADJPOPC","51","1995",11974
"ADJPOPC","53","1995",659
"ADJPOPC","55","1995",7162
"ADJPOPC","57","1995",1609
"ADJPOPC","61","1995",1643
"ADJPOPC","63","1995",7413
"ADJPOPC","65","1995",7143
"ADJPOPC","67","1995",38760
"ADJPOPC","69","1995",221622
"ADJPOPC","71","1995",14909
"ADJPOPC","73","1995",5983
"ADJPOPC","75","1995",19368
"ADJPOPC","77","1995",105406
"ADJPOPC","79","1995",674
"ADJPOPC","81","1995",12187
"ADJPOPC","83","1995",22159
"ADJPOPC","85","1995",29670
"ADJPOPC","87","1995",25362
"ADJPOPC","89","1995",20695
"ADJPOPC","91","1995",3085
"ADJPOPC","93","1995",10577
"ADJPOPC","95","1995",4479
"ADJPOPC","97","1995",14652
"ADJPOPC","99","1995",13823
"ADJPOPC","101","1995",130832
"ADJPOPC","103","1995",6403
"ADJPOPC","105","1995",11698
"ADJPOPC","107","1995",17254
"ADJPOPC","109","1995",5270
"ADJPOPC","111","1995",574
"ADJPOPC","113","1995",5489
"ADJPOPC","115","1995",2650
"ADJPOPC","117","1995",18270
"ADJPOPC","119","1995",16981
"ADJPOPC","121","1995",5236
"ADJPOPC","123","1995",157173
"ADJPOPC","125","1995",9455
"ADJPOPC","500","1995",2115508
"ADJPOPC","3","1996",14322
"ADJPOPC","7","1996",7928
"ADJPOPC","9","1996",4526
"ADJPOPC","11","1996",5623
"ADJPOPC","15","1996",15125
"ADJPOPC","17","1996",2284
"ADJPOPC","19","1996",8716
"ADJPOPC","21","1996",8019
"ADJPOPC","23","1996",3581
"ADJPOPC","25","1996",4266
"ADJPOPC","27","1996",2848
"ADJPOPC","29","1996",25718
"ADJPOPC","33","1996",1636
"ADJPOPC","37","1996",32928
"ADJPOPC","39","1996",15806
"ADJPOPC","41","1996",476989
"ADJPOPC","43","1996",41828
"ADJPOPC","45","1996",37677
"ADJPOPC","47","1996",3792
"ADJPOPC","49","1996",10511
"ADJPOPC","51","1996",12244
"ADJPOPC","53","1996",707
"ADJPOPC","55","1996",7389
"ADJPOPC","57","1996",1594
"ADJPOPC","61","1996",1662
"ADJPOPC","63","1996",7486
"ADJPOPC","65","1996",7554
"ADJPOPC","67","1996",39704
"ADJPOPC","69","1996",227248
"ADJPOPC","71","1996",14967
"ADJPOPC","73","1996",6112
"ADJPOPC","75","1996",19661
"ADJPOPC","77","1996",107529
"ADJPOPC","79","1996",724
"ADJPOPC","81","1996",12291
"ADJPOPC","83","1996",22650
"ADJPOPC","85","1996",30487
"ADJPOPC","87","1996",26042
"ADJPOPC","89","1996",20747
"ADJPOPC","91","1996",3252
"ADJPOPC","93","1996",11377
"ADJPOPC","95","1996",4504
"ADJPOPC","97","1996",14553
"ADJPOPC","99","1996",14002
"ADJPOPC","101","1996",132498
"ADJPOPC","103","1996",6341
"ADJPOPC","105","1996",11820
"ADJPOPC","107","1996",17718
"ADJPOPC","109","1996",5425
"ADJPOPC","111","1996",582
"ADJPOPC","113","1996",5804
"ADJPOPC","115","1996",2686
"ADJPOPC","117","1996",19396
"ADJPOPC","119","1996",18135
"ADJPOPC","121","1996",5221
"ADJPOPC","123","1996",161809
"ADJPOPC","125","1996",9521
"ADJPOPC","500","1996",2166886
"ADJPOPC","3","1997",14478
"ADJPOPC","7","1997",8534
"ADJPOPC","9","1997",4562
"ADJPOPC","11","1997",5640
"ADJPOPC","15","1997",15406
"ADJPOPC","17","1997",2295
"ADJPOPC","19","1997",8880
"ADJPOPC","21","1997",8100
"ADJPOPC","23","1997",3641
"ADJPOPC","25","1997",4303
"ADJPOPC","27","1997",3057
"ADJPOPC","29","1997",26005
"ADJPOPC","33","1997",1674
"ADJPOPC","37","1997",35206
"ADJPOPC","39","1997",16987
"ADJPOPC","41","1997",486805
"ADJPOPC","43","1997",42844
"ADJPOPC","45","1997",38894
"ADJPOPC","47","1997",4035
"ADJPOPC","49","1997",10966
"ADJPOPC","51","1997",12405
"ADJPOPC","53","1997",739
"ADJPOPC","55","1997",7672
"ADJPOPC","57","1997",1596
"ADJPOPC","61","1997",1661
"ADJPOPC","63","1997",7599
"ADJPOPC","65","1997",7860
"ADJPOPC","67","1997",40318
"ADJPOPC","69","1997",232796
"ADJPOPC","71","1997",15045
"ADJPOPC","73","1997",6094
"ADJPOPC","75","1997",20008
"ADJPOPC","77","1997",109762
"ADJPOPC","79","1997",744
"ADJPOPC","81","1997",12572
"ADJPOPC","83","1997",22973
"ADJPOPC","85","1997",31252
"ADJPOPC","87","1997",26647
"ADJPOPC","89","1997",20767
"ADJPOPC","91","1997",3322
"ADJPOPC","93","1997",12362
"ADJPOPC","95","1997",4574
"ADJPOPC","97","1997",14787
"ADJPOPC","99","1997",14117
"ADJPOPC","101","1997",134794
"ADJPOPC","103","1997",6322
"ADJPOPC","105","1997",11966
"ADJPOPC","107","1997",18117
"ADJPOPC","109","1997",5492
"ADJPOPC","111","1997",571
"ADJPOPC","113","1997",5953
"ADJPOPC","115","1997",2731
"ADJPOPC","117","1997",20349
"ADJPOPC","119","1997",19066
"ADJPOPC","121","1997",5210
"ADJPOPC","123","1997",166840
"ADJPOPC","125","1997",9657
"ADJPOPC","500","1997",2218872
"ADJPOPC","3","1998",14623
"ADJPOPC","7","1998",9133
"ADJPOPC","9","1998",4531
"ADJPOPC","11","1998",5993
"ADJPOPC","15","1998",15526
"ADJPOPC","17","1998",2343
"ADJPOPC","19","1998",8998
"ADJPOPC","21","1998",8187
"ADJPOPC","23","1998",3700
"ADJPOPC","25","1998",4286
"ADJPOPC","27","1998",3175
"ADJPOPC","29","1998",26821
"ADJPOPC","33","1998",1766
"ADJPOPC","37","1998",37614
"ADJPOPC","39","1998",18032
"ADJPOPC","41","1998",498021
"ADJPOPC","43","1998",43813
"ADJPOPC","45","1998",41231
"ADJPOPC","47","1998",4246
"ADJPOPC","49","1998",11409
"ADJPOPC","51","1998",13442
"ADJPOPC","53","1998",776
"ADJPOPC","55","1998",7781
"ADJPOPC","57","1998",1587
"ADJPOPC","61","1998",1644
"ADJPOPC","63","1998",7754
"ADJPOPC","65","1998",7835
"ADJPOPC","67","1998",41173
"ADJPOPC","69","1998",239080
"ADJPOPC","71","1998",15054
"ADJPOPC","73","1998",6107
"ADJPOPC","75","1998",20003
"ADJPOPC","77","1998",112327
"ADJPOPC","79","1998",772
"ADJPOPC","81","1998",12812
"ADJPOPC","83","1998",23117
"ADJPOPC","85","1998",31837
"ADJPOPC","87","1998",26662
"ADJPOPC","89","1998",20516
"ADJPOPC","91","1998",3453
"ADJPOPC","93","1998",13065
"ADJPOPC","95","1998",4570
"ADJPOPC","97","1998",14781
"ADJPOPC","99","1998",14224
"ADJPOPC","101","1998",137381
"ADJPOPC","103","1998",6232
"ADJPOPC","105","1998",12123
"ADJPOPC","107","1998",18606
"ADJPOPC","109","1998",5558
"ADJPOPC","111","1998",555
"ADJPOPC","113","1998",6453
"ADJPOPC","115","1998",2681
"ADJPOPC","117","1998",21281
"ADJPOPC","119","1998",19672
"ADJPOPC","121","1998",5155
"ADJPOPC","123","1998",172394
"ADJPOPC","125","1998",9799
"ADJPOPC","500","1998",2280781
"ADJPOPC","3","1999",14822
"ADJPOPC","7","1999",9570
"ADJPOPC","9","1999",4523
"ADJPOPC","11","1999",5996
"ADJPOPC","15","1999",15936
"ADJPOPC","17","1999",2279
"ADJPOPC","19","1999",9183
"ADJPOPC","21","1999",8308
"ADJPOPC","23","1999",3679
"ADJPOPC","25","1999",4998
"ADJPOPC","27","1999",3364
"ADJPOPC","29","1999",27400
"ADJPOPC","33","1999",1811
"ADJPOPC","37","1999",39909
"ADJPOPC","39","1999",19087
"ADJPOPC","41","1999",508815
"ADJPOPC","43","1999",45144
"ADJPOPC","45","1999",42691
"ADJPOPC","47","1999",4538
"ADJPOPC","49","1999",11995
"ADJPOPC","51","1999",13736
"ADJPOPC","53","1999",784
"ADJPOPC","55","1999",7827
"ADJPOPC","57","1999",1582
"ADJPOPC","61","1999",1632
"ADJPOPC","63","1999",7901
"ADJPOPC","65","1999",7822
"ADJPOPC","67","1999",42757
"ADJPOPC","69","1999",246156
"ADJPOPC","71","1999",15142
"ADJPOPC","73","1999",6096
"ADJPOPC","75","1999",20289
"ADJPOPC","77","1999",114573
"ADJPOPC","79","1999",806
"ADJPOPC","81","1999",13025
"ADJPOPC","83","1999",23524
"ADJPOPC","85","1999",32748
"ADJPOPC","87","1999",26953
"ADJPOPC","89","1999",20399
"ADJPOPC","91","1999",3618
"ADJPOPC","93","1999",13900
"ADJPOPC","95","1999",4518
"ADJPOPC","97","1999",14833
"ADJPOPC","99","1999",14372
"ADJPOPC","101","1999",139718
"ADJPOPC","103","1999",6091
"ADJPOPC","105","1999",12289
"ADJPOPC","107","1999",19224
"ADJPOPC","109","1999",5765
"ADJPOPC","111","1999",557
"ADJPOPC","113","1999",6533
"ADJPOPC","115","1999",2719
"ADJPOPC","117","1999",22568
"ADJPOPC","119","1999",20179
"ADJPOPC","121","1999",5024
"ADJPOPC","123","1999",177265
"ADJPOPC","125","1999",9823
"ADJPOPC","500","1999",2349188
"ADJPOPC","3","2000",15099
"ADJPOPC","7","2000",10043
"ADJPOPC","9","2000",4499
"ADJPOPC","11","2000",5967
"ADJPOPC","15","2000",16312
"ADJPOPC","17","2000",2216
"ADJPOPC","19","2000",9361
"ADJPOPC","21","2000",8408
"ADJPOPC","23","2000",3674
"ADJPOPC","25","2000",5130
"ADJPOPC","27","2000",3520
"ADJPOPC","29","2000",27909
"ADJPOPC","33","2000",1849
"ADJPOPC","37","2000",43289
"ADJPOPC","39","2000",20104
"ADJPOPC","41","2000",519802
"ADJPOPC","43","2000",46370
"ADJPOPC","45","2000",44240
"ADJPOPC","47","2000",4809
"ADJPOPC","49","2000",12853
"ADJPOPC","51","2000",13989
"ADJPOPC","53","2000",792
"ADJPOPC","55","2000",7827
"ADJPOPC","57","2000",1576
"ADJPOPC","61","2000",1614
"ADJPOPC","63","2000",7975
"ADJPOPC","65","2000",7940
"ADJPOPC","67","2000",44578
"ADJPOPC","69","2000",253088
"ADJPOPC","71","2000",15286
"ADJPOPC","73","2000",6163
"ADJPOPC","75","2000",20655
"ADJPOPC","77","2000",117651
"ADJPOPC","79","2000",837
"ADJPOPC","81","2000",13182
"ADJPOPC","83","2000",23852
"ADJPOPC","85","2000",33577
"ADJPOPC","87","2000",27251
"ADJPOPC","89","2000",20244
"ADJPOPC","91","2000",3776
"ADJPOPC","93","2000",14729
"ADJPOPC","95","2000",4451
"ADJPOPC","97","2000",15764
"ADJPOPC","99","2000",14453
"ADJPOPC","101","2000",141854
"ADJPOPC","103","2000",5969
"ADJPOPC","105","2000",12429
"ADJPOPC","107","2000",20123
"ADJPOPC","109","2000",5983
"ADJPOPC","111","2000",574
"ADJPOPC","113","2000",6615
"ADJPOPC","115","2000",2744
"ADJPOPC","117","2000",25709
"ADJPOPC","119","2000",21068
"ADJPOPC","121","2000",4942
"ADJPOPC","123","2000",183076
"ADJPOPC","125","2000",9815
"ADJPOPC","500","2000",2421226
"ADJPOPC","3","2001",15231
"ADJPOPC","7","2001",10465
"ADJPOPC","9","2001",4447
"ADJPOPC","11","2001",5882
"ADJPOPC","15","2001",16410
"ADJPOPC","17","2001",2173
"ADJPOPC","19","2001",9464
"ADJPOPC","21","2001",8365
"ADJPOPC","23","2001",3741
"ADJPOPC","25","2001",5253
"ADJPOPC","27","2001",3730
"ADJPOPC","29","2001",28387
"ADJPOPC","33","2001",1865
"ADJPOPC","37","2001",44440
"ADJPOPC","39","2001",21294
"ADJPOPC","41","2001",536336
"ADJPOPC","43","2001",46733
"ADJPOPC","45","2001",45907
"ADJPOPC","47","2001",4829
"ADJPOPC","49","2001",13283
"ADJPOPC","51","2001",14345
"ADJPOPC","53","2001",804
"ADJPOPC","55","2001",7905
"ADJPOPC","57","2001",1590
"ADJPOPC","61","2001",1606
"ADJPOPC","63","2001",8073
"ADJPOPC","65","2001",7821
"ADJPOPC","67","2001",45645
"ADJPOPC","69","2001",260911
"ADJPOPC","71","2001",15310
"ADJPOPC","73","2001",6076
"ADJPOPC","75","2001",22354
"ADJPOPC","77","2001",119864
"ADJPOPC","79","2001",820
"ADJPOPC","81","2001",13089
"ADJPOPC","83","2001",23873
"ADJPOPC","85","2001",34442
"ADJPOPC","87","2001",27475
"ADJPOPC","89","2001",19900
"ADJPOPC","91","2001",3809
"ADJPOPC","93","2001",15172
"ADJPOPC","95","2001",4487
"ADJPOPC","97","2001",16184
"ADJPOPC","99","2001",14109
"ADJPOPC","101","2001",143996
"ADJPOPC","103","2001",5880
"ADJPOPC","105","2001",12406
"ADJPOPC","107","2001",20436
"ADJPOPC","109","2001",6083
"ADJPOPC","111","2001",566
"ADJPOPC","113","2001",6900
"ADJPOPC","115","2001",2694
"ADJPOPC","117","2001",26293
"ADJPOPC","119","2001",21738
"ADJPOPC","121","2001",4899
"ADJPOPC","123","2001",192482
"ADJPOPC","125","2001",9831
"ADJPOPC","500","2001",2476410
"ADJPOPC","3","2002",15266
"ADJPOPC","7","2002",10700
"ADJPOPC","9","2002",4315
"ADJPOPC","11","2002",6203
"ADJPOPC","15","2002",16646
"ADJPOPC","17","2002",2162
"ADJPOPC","19","2002",9466
"ADJPOPC","21","2002",8389
"ADJPOPC","23","2002",3734
"ADJPOPC","25","2002",5344
"ADJPOPC","27","2002",3783
"ADJPOPC","29","2002",28778
"ADJPOPC","33","2002",1880
"ADJPOPC","37","2002",45100
"ADJPOPC","39","2002",21604
"ADJPOPC","41","2002",545240
"ADJPOPC","43","2002",46969
"ADJPOPC","45","2002",46728
"ADJPOPC","47","2002",4830
"ADJPOPC","49","2002",13461
"ADJPOPC","51","2002",14316
"ADJPOPC","53","2002",806
"ADJPOPC","55","2002",7916
"ADJPOPC","57","2002",1591
"ADJPOPC","61","2002",1566
"ADJPOPC","63","2002",8289
"ADJPOPC","65","2002",7726
"ADJPOPC","67","2002",46089
"ADJPOPC","69","2002",266171
"ADJPOPC","71","2002",15659
"ADJPOPC","73","2002",6047
"ADJPOPC","75","2002",22095
"ADJPOPC","77","2002",121787
"ADJPOPC","79","2002",805
"ADJPOPC","81","2002",13134
"ADJPOPC","83","2002",24109
"ADJPOPC","85","2002",34926
"ADJPOPC","87","2002",27662
"ADJPOPC","89","2002",19624
"ADJPOPC","91","2002",3903
"ADJPOPC","93","2002",15417
"ADJPOPC","95","2002",4496
"ADJPOPC","97","2002",16101
"ADJPOPC","99","2002",14011
"ADJPOPC","101","2002",146481
"ADJPOPC","103","2002",5936
"ADJPOPC","105","2002",12409
"ADJPOPC","107","2002",20892
"ADJPOPC","109","2002",6245
"ADJPOPC","111","2002",599
"ADJPOPC","113","2002",7042
"ADJPOPC","115","2002",2694
"ADJPOPC","117","2002",26514
"ADJPOPC","119","2002",21989
"ADJPOPC","121","2002",5259
"ADJPOPC","123","2002",198975
"ADJPOPC","125","2002",9947
"ADJPOPC","500","2002",2504883
"ADJPOPC","3","2003",15360
"ADJPOPC","7","2003",10964
"ADJPOPC","9","2003",4258
"ADJPOPC","11","2003",6653
"ADJPOPC","15","2003",16794
"ADJPOPC","17","2003",2119
"ADJPOPC","19","2003",9517
"ADJPOPC","21","2003",8387
"ADJPOPC","23","2003",3800
"ADJPOPC","25","2003",5156
"ADJPOPC","27","2003",3934
"ADJPOPC","29","2003",29061
"ADJPOPC","33","2003",1879
"ADJPOPC","37","2003",45758
"ADJPOPC","39","2003",21933
"ADJPOPC","41","2003",551668
"ADJPOPC","43","2003",46828
"ADJPOPC","45","2003",47484
"ADJPOPC","47","2003",4851
"ADJPOPC","49","2003",13688
"ADJPOPC","51","2003",14206
"ADJPOPC","53","2003",784
"ADJPOPC","55","2003",8042
"ADJPOPC","57","2003",1586
"ADJPOPC","61","2003",1548
"ADJPOPC","63","2003",8185
"ADJPOPC","65","2003",7520
"ADJPOPC","67","2003",46447
"ADJPOPC","69","2003",268146
"ADJPOPC","71","2003",16089
"ADJPOPC","73","2003",6052
"ADJPOPC","75","2003",22371
"ADJPOPC","77","2003",124152
"ADJPOPC","79","2003",830
"ADJPOPC","81","2003",13054
"ADJPOPC","83","2003",24378
"ADJPOPC","85","2003",35640
"ADJPOPC","87","2003",27855
"ADJPOPC","89","2003",19667
"ADJPOPC","91","2003",3905
"ADJPOPC","93","2003",15789
"ADJPOPC","95","2003",4477
"ADJPOPC","97","2003",16275
"ADJPOPC","99","2003",13822
"ADJPOPC","101","2003",147972
"ADJPOPC","103","2003",5855
"ADJPOPC","105","2003",12619
"ADJPOPC","107","2003",21128
"ADJPOPC","109","2003",6279
"ADJPOPC","111","2003",615
"ADJPOPC","113","2003",7010
"ADJPOPC","115","2003",2715
"ADJPOPC","117","2003",26706
"ADJPOPC","119","2003",22218
"ADJPOPC","121","2003",5140
"ADJPOPC","123","2003",207157
"ADJPOPC","125","2003",10093
"ADJPOPC","500","2003",2528665
"ADJPOPC","3","2004",15406
"ADJPOPC","7","2004",11171
"ADJPOPC","9","2004",4166
"ADJPOPC","11","2004",6357
"ADJPOPC","15","2004",16946
"ADJPOPC","17","2004",2070
"ADJPOPC","19","2004",9461
"ADJPOPC","21","2004",8501
"ADJPOPC","23","2004",3802
"ADJPOPC","25","2004",5432
"ADJPOPC","27","2004",3984
"ADJPOPC","29","2004",29453
"ADJPOPC","33","2004",1873
"ADJPOPC","37","2004",46485
"ADJPOPC","39","2004",22041
"ADJPOPC","41","2004",558455
"ADJPOPC","43","2004",46540
"ADJPOPC","45","2004",48156
"ADJPOPC","47","2004",4825
"ADJPOPC","49","2004",13912
"ADJPOPC","51","2004",14230
"ADJPOPC","53","2004",831
"ADJPOPC","55","2004",7729
"ADJPOPC","57","2004",1521
"ADJPOPC","61","2004",1523
"ADJPOPC","63","2004",8257
"ADJPOPC","65","2004",7416
"ADJPOPC","67","2004",46926
"ADJPOPC","69","2004",273269
"ADJPOPC","71","2004",15700
"ADJPOPC","73","2004",5907
"ADJPOPC","75","2004",22181
"ADJPOPC","77","2004",126626
"ADJPOPC","79","2004",842
"ADJPOPC","81","2004",13063
"ADJPOPC","83","2004",24607
"ADJPOPC","85","2004",36131
"ADJPOPC","87","2004",27912
"ADJPOPC","89","2004",19561
"ADJPOPC","91","2004",4023
"ADJPOPC","93","2004",15913
"ADJPOPC","95","2004",4580
"ADJPOPC","97","2004",16077
"ADJPOPC","99","2004",13656
"ADJPOPC","101","2004",148720
"ADJPOPC","103","2004",5904
"ADJPOPC","105","2004",12824
"ADJPOPC","107","2004",21293
"ADJPOPC","109","2004",6240
"ADJPOPC","111","2004",635
"ADJPOPC","113","2004",7027
"ADJPOPC","115","2004",2606
"ADJPOPC","117","2004",26707
"ADJPOPC","119","2004",22218
"ADJPOPC","121","2004",5060
"ADJPOPC","123","2004",214069
"ADJPOPC","125","2004",9885
"ADJPOPC","500","2004",2558106
"ADJPOPC","3","2005",15395
"ADJPOPC","7","2005",11402
"ADJPOPC","9","2005",4098
"ADJPOPC","11","2005",6261
"ADJPOPC","15","2005",17022
"ADJPOPC","17","2005",2041
"ADJPOPC","19","2005",9392
"ADJPOPC","21","2005",8500
"ADJPOPC","23","2005",3695
"ADJPOPC","25","2005",5437
"ADJPOPC","27","2005",4045
"ADJPOPC","29","2005",29412
"ADJPOPC","33","2005",1888
"ADJPOPC","37","2005",47278
"ADJPOPC","39","2005",22259
"ADJPOPC","41","2005",569322
"ADJPOPC","43","2005",46447
"ADJPOPC","45","2005",49256
"ADJPOPC","47","2005",4892
"ADJPOPC","49","2005",13897
"ADJPOPC","51","2005",14473
"ADJPOPC","53","2005",813
"ADJPOPC","55","2005",7823
"ADJPOPC","57","2005",1492
"ADJPOPC","61","2005",1543
"ADJPOPC","63","2005",7998
"ADJPOPC","65","2005",7284
"ADJPOPC","67","2005",47713
"ADJPOPC","69","2005",275873
"ADJPOPC","71","2005",15570
"ADJPOPC","73","2005",5787
"ADJPOPC","75","2005",22088
"ADJPOPC","77","2005",128999
"ADJPOPC","79","2005",806
"ADJPOPC","81","2005",12965
"ADJPOPC","83","2005",24603
"ADJPOPC","85","2005",36997
"ADJPOPC","87","2005",27947
"ADJPOPC","89","2005",19370
"ADJPOPC","91","2005",4084
"ADJPOPC","93","2005",16061
"ADJPOPC","95","2005",4548
"ADJPOPC","97","2005",16136
"ADJPOPC","99","2005",13510
"ADJPOPC","101","2005",149969
"ADJPOPC","103","2005",5818
"ADJPOPC","105","2005",12696
"ADJPOPC","107","2005",21453
"ADJPOPC","109","2005",6284
"ADJPOPC","111","2005",645
"ADJPOPC","113","2005",7045
"ADJPOPC","115","2005",2578
"ADJPOPC","117","2005",26623
"ADJPOPC","119","2005",22505
"ADJPOPC","121","2005",4995
"ADJPOPC","123","2005",223432
"ADJPOPC","125","2005",9892
"ADJPOPC","500","2005",2582177
"ADJPOPC","3","2006",15350
"ADJPOPC","7","2006",11798
"ADJPOPC","9","2006",4088
"ADJPOPC","11","2006",6076
"ADJPOPC","15","2006",16984
"ADJPOPC","17","2006",1977
"ADJPOPC","19","2006",9279
"ADJPOPC","21","2006",8470
"ADJPOPC","23","2006",3698
"ADJPOPC","25","2006",5713
"ADJPOPC","27","2006",4017
"ADJPOPC","29","2006",29702
"ADJPOPC","33","2006",1990
"ADJPOPC","37","2006",48214
"ADJPOPC","39","2006",22527
"ADJPOPC","41","2006",582502
"ADJPOPC","43","2006",46703
"ADJPOPC","45","2006",51106
"ADJPOPC","47","2006",4953
"ADJPOPC","49","2006",14135
"ADJPOPC","51","2006",14650
"ADJPOPC","53","2006",830
"ADJPOPC","55","2006",7750
"ADJPOPC","57","2006",1443
"ADJPOPC","61","2006",1514
"ADJPOPC","63","2006",7946
"ADJPOPC","65","2006",7217
"ADJPOPC","67","2006",48408
"ADJPOPC","69","2006",281027
"ADJPOPC","71","2006",15552
"ADJPOPC","73","2006",5665
"ADJPOPC","75","2006",22267
"ADJPOPC","77","2006",133128
"ADJPOPC","79","2006",789
"ADJPOPC","81","2006",13102
"ADJPOPC","83","2006",25017
"ADJPOPC","85","2006",37968
"ADJPOPC","87","2006",27983
"ADJPOPC","89","2006",19193
"ADJPOPC","91","2006",4137
"ADJPOPC","93","2006",16128
"ADJPOPC","95","2006",4504
"ADJPOPC","97","2006",16087
"ADJPOPC","99","2006",13208
"ADJPOPC","101","2006",152064
"ADJPOPC","103","2006",5981
"ADJPOPC","105","2006",12439
"ADJPOPC","107","2006",21886
"ADJPOPC","109","2006",6241
"ADJPOPC","111","2006",672
"ADJPOPC","113","2006",7059
"ADJPOPC","115","2006",2515
"ADJPOPC","117","2006",26839
"ADJPOPC","119","2006",22791
"ADJPOPC","121","2006",4981
"ADJPOPC","123","2006",231283
"ADJPOPC","125","2006",9917
"ADJPOPC","500","2006",2626197
"ADJPOPC","3","2007",15293
"ADJPOPC","7","2007",12108
"ADJPOPC","9","2007",3993
"ADJPOPC","11","2007",5773
"ADJPOPC","15","2007",17238
"ADJPOPC","17","2007",1910
"ADJPOPC","19","2007",9333
"ADJPOPC","21","2007",8433
"ADJPOPC","23","2007",3676
"ADJPOPC","25","2007",5907
"ADJPOPC","27","2007",4130
"ADJPOPC","29","2007",29877
"ADJPOPC","33","2007",2001
"ADJPOPC","37","2007",49284
"ADJPOPC","39","2007",22478
"ADJPOPC","41","2007",588772
"ADJPOPC","43","2007",46654
"ADJPOPC","45","2007",52676
"ADJPOPC","47","2007",4964
"ADJPOPC","49","2007",14339
"ADJPOPC","51","2007",14957
"ADJPOPC","53","2007",845
"ADJPOPC","55","2007",7658
"ADJPOPC","57","2007",1422
"ADJPOPC","61","2007",1471
"ADJPOPC","63","2007",7835
"ADJPOPC","65","2007",7271
"ADJPOPC","67","2007",49146
"ADJPOPC","69","2007",286754
"ADJPOPC","71","2007",15525
"ADJPOPC","73","2007",5571
"ADJPOPC","75","2007",22403
"ADJPOPC","77","2007",137390
"ADJPOPC","79","2007",803
"ADJPOPC","81","2007",13270
"ADJPOPC","83","2007",25177
"ADJPOPC","85","2007",39131
"ADJPOPC","87","2007",27848
"ADJPOPC","89","2007",18937
"ADJPOPC","91","2007",4274
"ADJPOPC","93","2007",16336
"ADJPOPC","95","2007",4484
"ADJPOPC","97","2007",16236
"ADJPOPC","99","2007",12772
"ADJPOPC","101","2007",154759
"ADJPOPC","103","2007",6093
"ADJPOPC","105","2007",12167
"ADJPOPC","107","2007",22415
"ADJPOPC","109","2007",6159
"ADJPOPC","111","2007",686
"ADJPOPC","113","2007",7276
"ADJPOPC","115","2007",2422
"ADJPOPC","117","2007",27163
"ADJPOPC","119","2007",23164
"ADJPOPC","121","2007",4927
"ADJPOPC","123","2007",238279
"ADJPOPC","125","2007",9881
"ADJPOPC","500","2007",2670038
"ADJPOPC","3","2008",15346
"ADJPOPC","7","2008",12074
"ADJPOPC","9","2008",3906
"ADJPOPC","11","2008",6008
"ADJPOPC","15","2008",17403
"ADJPOPC","17","2008",1898
"ADJPOPC","19","2008",9294
"ADJPOPC","21","2008",8384
"ADJPOPC","23","2008",3611
"ADJPOPC","25","2008",5893
"ADJPOPC","27","2008",4119
"ADJPOPC","29","2008",30342
"ADJPOPC","33","2008",2074
"ADJPOPC","37","2008",50301
"ADJPOPC","39","2008",22663
"ADJPOPC","41","2008",599060
"ADJPOPC","43","2008",46774
"ADJPOPC","45","2008",54226
"ADJPOPC","47","2008",5084
"ADJPOPC","49","2008",14535
"ADJPOPC","51","2008",15137
"ADJPOPC","53","2008",824
"ADJPOPC","55","2008",7680
"ADJPOPC","57","2008",1381
"ADJPOPC","61","2008",1432
"ADJPOPC","63","2008",8042
"ADJPOPC","65","2008",7269
"ADJPOPC","67","2008",50073
"ADJPOPC","69","2008",292394
"ADJPOPC","71","2008",15486
"ADJPOPC","73","2008",5522
"ADJPOPC","75","2008",22324
"ADJPOPC","77","2008",140680
"ADJPOPC","79","2008",767
"ADJPOPC","81","2008",13446
"ADJPOPC","83","2008",25200
"ADJPOPC","85","2008",39952
"ADJPOPC","87","2008",27746
"ADJPOPC","89","2008",18853
"ADJPOPC","91","2008",4407
"ADJPOPC","93","2008",16278
"ADJPOPC","95","2008",4451
"ADJPOPC","97","2008",16673
"ADJPOPC","99","2008",12682
"ADJPOPC","101","2008",156252
"ADJPOPC","103","2008",6160
"ADJPOPC","105","2008",12105
"ADJPOPC","107","2008",22931
"ADJPOPC","109","2008",6176
"ADJPOPC","111","2008",698
"ADJPOPC","113","2008",7304
"ADJPOPC","115","2008",2420
"ADJPOPC","117","2008",27464
"ADJPOPC","119","2008",23102
"ADJPOPC","121","2008",4802
"ADJPOPC","123","2008",244116
"ADJPOPC","125","2008",9895
"ADJPOPC","500","2008",2716819
"ADJPOPC","3","2009",15301
"ADJPOPC","7","2009",11899
"ADJPOPC","9","2009",3814
"ADJPOPC","11","2009",6481
"ADJPOPC","15","2009",17604
"ADJPOPC","17","2009",1833
"ADJPOPC","19","2009",9060
"ADJPOPC","21","2009",8210
"ADJPOPC","23","2009",3505
"ADJPOPC","25","2009",5803
"ADJPOPC","27","2009",4166
"ADJPOPC","29","2009",30625
"ADJPOPC","33","2009",2052
"ADJPOPC","37","2009",51520
"ADJPOPC","39","2009",22890
"ADJPOPC","41","2009",608518
"ADJPOPC","43","2009",46635
"ADJPOPC","45","2009",55400
"ADJPOPC","47","2009",5396
"ADJPOPC","49","2009",14664
"ADJPOPC","51","2009",15266
"ADJPOPC","53","2009",827
"ADJPOPC","55","2009",6710
"ADJPOPC","57","2009",1386
"ADJPOPC","61","2009",1392
"ADJPOPC","63","2009",8269
"ADJPOPC","65","2009",7174
"ADJPOPC","67","2009",50759
"ADJPOPC","69","2009",297502
"ADJPOPC","71","2009",15477
"ADJPOPC","73","2009",5463
"ADJPOPC","75","2009",22517
"ADJPOPC","77","2009",144795
"ADJPOPC","79","2009",714
"ADJPOPC","81","2009",13544
"ADJPOPC","83","2009",25365
"ADJPOPC","85","2009",40680
"ADJPOPC","87","2009",28026
"ADJPOPC","89","2009",18844
"ADJPOPC","91","2009",4372
"ADJPOPC","93","2009",15971
"ADJPOPC","95","2009",4454
"ADJPOPC","97","2009",17053
"ADJPOPC","99","2009",12576
"ADJPOPC","101","2009",157324
"ADJPOPC","103","2009",6317
"ADJPOPC","105","2009",11995
"ADJPOPC","107","2009",23325
"ADJPOPC","109","2009",6126
"ADJPOPC","111","2009",687
"ADJPOPC","113","2009",7267
"ADJPOPC","115","2009",2376
"ADJPOPC","117","2009",27783
"ADJPOPC","119","2009",23205
"ADJPOPC","121","2009",4777
"ADJPOPC","123","2009",248959
"ADJPOPC","125","2009",10036
"ADJPOPC","500","2009",2762164
"ADJPOPC","3","2010",15474
"ADJPOPC","7","2010",12060
"ADJPOPC","9","2010",3795
"ADJPOPC","11","2010",6506
"ADJPOPC","15","2010",17797
"ADJPOPC","17","2010",1834
"ADJPOPC","19","2010",9108
"ADJPOPC","21","2010",8282
"ADJPOPC","23","2010",3532
"ADJPOPC","25","2010",5838
"ADJPOPC","27","2010",4272
"ADJPOPC","29","2010",30889
"ADJPOPC","33","2010",2060
"ADJPOPC","37","2010",52057
"ADJPOPC","39","2010",23107
"ADJPOPC","41","2010",627232
"ADJPOPC","43","2010",46854
"ADJPOPC","45","2010",56150
"ADJPOPC","47","2010",5463
"ADJPOPC","49","2010",14790
"ADJPOPC","51","2010",15309
"ADJPOPC","53","2010",843
"ADJPOPC","55","2010",6655
"ADJPOPC","57","2010",1387
"ADJPOPC","61","2010",1399
"ADJPOPC","63","2010",8267
"ADJPOPC","65","2010",7282
"ADJPOPC","67","2010",51441
"ADJPOPC","69","2010",300532
"ADJPOPC","71","2010",15407
"ADJPOPC","73","2010",5474
"ADJPOPC","75","2010",22293
"ADJPOPC","77","2010",146587
"ADJPOPC","79","2010",705
"ADJPOPC","81","2010",13806
"ADJPOPC","83","2010",25532
"ADJPOPC","85","2010",41188
"ADJPOPC","87","2010",28196
"ADJPOPC","89","2010",18838
"ADJPOPC","91","2010",4446
"ADJPOPC","93","2010",16262
"ADJPOPC","95","2010",4465
"ADJPOPC","97","2010",17156
"ADJPOPC","99","2010",12531
"ADJPOPC","101","2010",159496
"ADJPOPC","103","2010",6617
"ADJPOPC","105","2010",12001
"ADJPOPC","107","2010",23439
"ADJPOPC","109","2010",6144
"ADJPOPC","111","2010",709
"ADJPOPC","113","2010",7356
"ADJPOPC","115","2010",2367
"ADJPOPC","117","2010",28073
"ADJPOPC","119","2010",23441
"ADJPOPC","121","2010",4815
"ADJPOPC","123","2010",254230
"ADJPOPC","125","2010",10032
"ADJPOPC","500","2010",2797896
"ADJPOPC","3","2011",15679
"ADJPOPC","7","2011",12007
"ADJPOPC","9","2011",3797
"ADJPOPC","11","2011",6306
"ADJPOPC","15","2011",18009
"ADJPOPC","17","2011",1866
"ADJPOPC","19","2011",9069
"ADJPOPC","21","2011",8288
"ADJPOPC","23","2011",3647
"ADJPOPC","25","2011",5819
"ADJPOPC","27","2011",4224
"ADJPOPC","29","2011",30380
"ADJPOPC","33","2011",2022
"ADJPOPC","37","2011",51643
"ADJPOPC","39","2011",23215
"ADJPOPC","41","2011",638095
"ADJPOPC","43","2011",47390
"ADJPOPC","45","2011",56069
"ADJPOPC","47","2011",5448
"ADJPOPC","49","2011",14559
"ADJPOPC","51","2011",15395
"ADJPOPC","53","2011",824
"ADJPOPC","55","2011",6499
"ADJPOPC","57","2011",1374
"ADJPOPC","61","2011",1442
"ADJPOPC","63","2011",8181
"ADJPOPC","65","2011",7384
"ADJPOPC","67","2011",51886
"ADJPOPC","69","2011",305066
"ADJPOPC","71","2011",15042
"ADJPOPC","73","2011",5406
"ADJPOPC","75","2011",22263
"ADJPOPC","77","2011",148061
"ADJPOPC","79","2011",708
"ADJPOPC","81","2011",13407
"ADJPOPC","83","2011",25453
"ADJPOPC","85","2011",40923
"ADJPOPC","87","2011",28449
"ADJPOPC","89","2011",18833
"ADJPOPC","91","2011",4423
"ADJPOPC","93","2011",16094
"ADJPOPC","95","2011",4375
"ADJPOPC","97","2011",17131
"ADJPOPC","99","2011",12456
"ADJPOPC","101","2011",160269
"ADJPOPC","103","2011",6740
"ADJPOPC","105","2011",11910
"ADJPOPC","107","2011",23237
"ADJPOPC","109","2011",6199
"ADJPOPC","111","2011",695
"ADJPOPC","113","2011",7487
"ADJPOPC","115","2011",2368
"ADJPOPC","117","2011",27941
"ADJPOPC","119","2011",23293
"ADJPOPC","121","2011",4784
"ADJPOPC","123","2011",258675
"ADJPOPC","125","2011",10125
"ADJPOPC","500","2011",2847863
"ADJPOPC","3","2012",15691
"ADJPOPC","7","2012",12117
"ADJPOPC","9","2012",3746
"ADJPOPC","11","2012",5775
"ADJPOPC","15","2012",18124
"ADJPOPC","17","2012",1885
"ADJPOPC","19","2012",9092
"ADJPOPC","21","2012",8254
"ADJPOPC","23","2012",3600
"ADJPOPC","25","2012",5377
"ADJPOPC","27","2012",4240
"ADJPOPC","29","2012",30478
"ADJPOPC","33","2012",1984
"ADJPOPC","37","2012",51845
"ADJPOPC","39","2012",23386
"ADJPOPC","41","2012",647282
"ADJPOPC","43","2012",47038
"ADJPOPC","45","2012",56862
"ADJPOPC","47","2012",5455
"ADJPOPC","49","2012",14188
"ADJPOPC","51","2012",15413
"ADJPOPC","53","2012",795
"ADJPOPC","55","2012",6565
"ADJPOPC","57","2012",1340
"ADJPOPC","61","2012",1423
"ADJPOPC","63","2012",8083
"ADJPOPC","65","2012",7289
"ADJPOPC","67","2012",52444
"ADJPOPC","69","2012",310611
"ADJPOPC","71","2012",14965
"ADJPOPC","73","2012",5447
"ADJPOPC","75","2012",22028
"ADJPOPC","77","2012",148286
"ADJPOPC","79","2012",706
"ADJPOPC","81","2012",13147
"ADJPOPC","83","2012",25441
"ADJPOPC","85","2012",40753
"ADJPOPC","87","2012",28295
"ADJPOPC","89","2012",18663
"ADJPOPC","91","2012",4516
"ADJPOPC","93","2012",16055
"ADJPOPC","95","2012",4379
"ADJPOPC","97","2012",17239
"ADJPOPC","99","2012",12361
"ADJPOPC","101","2012",160884
"ADJPOPC","103","2012",6759
"ADJPOPC","105","2012",11874
"ADJPOPC","107","2012",23228
"ADJPOPC","109","2012",6338
"ADJPOPC","111","2012",694
"ADJPOPC","113","2012",7601
"ADJPOPC","115","2012",2371
"ADJPOPC","117","2012",28218
"ADJPOPC","119","2012",23345
"ADJPOPC","121","2012",4714
"ADJPOPC","123","2012",264136
"ADJPOPC","125","2012",10086
"ADJPOPC","500","2012",2899068
"ADJPOPC","3","2013",15821
"ADJPOPC","7","2013",12208
"ADJPOPC","9","2013",3675
"ADJPOPC","11","2013",5697
"ADJPOPC","15","2013",18278
"ADJPOPC","17","2013",1902
"ADJPOPC","19","2013",9068
"ADJPOPC","21","2013",8219
"ADJPOPC","23","2013",3541
"ADJPOPC","25","2013",5280
"ADJPOPC","27","2013",4287
"ADJPOPC","29","2013",30355
"ADJPOPC","33","2013",2017
"ADJPOPC","37","2013",52360
"ADJPOPC","39","2013",23659
"ADJPOPC","41","2013",657103
"ADJPOPC","43","2013",46385
"ADJPOPC","45","2013",57157
"ADJPOPC","47","2013",5572
"ADJPOPC","49","2013",14321
"ADJPOPC","51","2013",15455
"ADJPOPC","53","2013",803
"ADJPOPC","55","2013",6483
"ADJPOPC","57","2013",1355
"ADJPOPC","61","2013",1402
"ADJPOPC","63","2013",8022
"ADJPOPC","65","2013",7306
"ADJPOPC","67","2013",53407
"ADJPOPC","69","2013",316154
"ADJPOPC","71","2013",14374
"ADJPOPC","73","2013",5424
"ADJPOPC","75","2013",21836
"ADJPOPC","77","2013",148293
"ADJPOPC","79","2013",727
"ADJPOPC","81","2013",13098
"ADJPOPC","83","2013",25669
"ADJPOPC","85","2013",40765
"ADJPOPC","87","2013",28317
"ADJPOPC","89","2013",18520
"ADJPOPC","91","2013",4547
"ADJPOPC","93","2013",16189
"ADJPOPC","95","2013",4350
"ADJPOPC","97","2013",17412
"ADJPOPC","99","2013",12243
"ADJPOPC","101","2013",161219
"ADJPOPC","103","2013",6714
"ADJPOPC","105","2013",11710
"ADJPOPC","107","2013",23478
"ADJPOPC","109","2013",6245
"ADJPOPC","111","2013",700
"ADJPOPC","113","2013",7683
"ADJPOPC","115","2013",2348
"ADJPOPC","117","2013",28759
"ADJPOPC","119","2013",23272
"ADJPOPC","121","2013",4757
"ADJPOPC","123","2013",270247
"ADJPOPC","125","2013",10101
"ADJPOPC","500","2013",2954697
"ADJPOPC","3","2014",15870
"ADJPOPC","7","2014",12249
"ADJPOPC","9","2014",3624
"ADJPOPC","11","2014",5539
"ADJPOPC","15","2014",18454
"ADJPOPC","17","2014",1870
"ADJPOPC","19","2014",9153
"ADJPOPC","21","2014",8229
"ADJPOPC","23","2014",3556
"ADJPOPC","25","2014",5551
"ADJPOPC","27","2014",4373
"ADJPOPC","29","2014",30027
"ADJPOPC","33","2014",1933
"ADJPOPC","37","2014",52831
"ADJPOPC","39","2014",24144
"ADJPOPC","41","2014",665070
"ADJPOPC","43","2014",46294
"ADJPOPC","45","2014",57548
"ADJPOPC","47","2014",5830
"ADJPOPC","49","2014",14505
"ADJPOPC","51","2014",15660
"ADJPOPC","53","2014",769
"ADJPOPC","55","2014",6428
"ADJPOPC","57","2014",1388
"ADJPOPC","61","2014",1385
"ADJPOPC","63","2014",7818
"ADJPOPC","65","2014",7349
"ADJPOPC","67","2014",54014
"ADJPOPC","69","2014",323863
"ADJPOPC","71","2014",14060
"ADJPOPC","73","2014",5508
"ADJPOPC","75","2014",22088
"ADJPOPC","77","2014",148348
"ADJPOPC","79","2014",697
"ADJPOPC","81","2014",12870
"ADJPOPC","83","2014",25812
"ADJPOPC","85","2014",40904
"ADJPOPC","87","2014",28254
"ADJPOPC","89","2014",18380
"ADJPOPC","91","2014",4587
"ADJPOPC","93","2014",16383
"ADJPOPC","95","2014",4380
"ADJPOPC","97","2014",17645
"ADJPOPC","99","2014",11985
"ADJPOPC","101","2014",161782
"ADJPOPC","103","2014",6607
"ADJPOPC","105","2014",11574
"ADJPOPC","107","2014",23896
"ADJPOPC","109","2014",6206
"ADJPOPC","111","2014",718
"ADJPOPC","113","2014",7823
"ADJPOPC","115","2014",2331
"ADJPOPC","117","2014",29399
"ADJPOPC","119","2014",23394
"ADJPOPC","121","2014",4769
"ADJPOPC","123","2014",276079
"ADJPOPC","125","2014",10132
"ADJPOPC","500","2014",3011536
"ADJPOPC","3","2015",16027.23
"ADJPOPC","7","2015",12464.96
"ADJPOPC","9","2015",3622.095
"ADJPOPC","11","2015",5682.845
"ADJPOPC","15","2015",18736.38
"ADJPOPC","17","2015",1864.085
"ADJPOPC","19","2015",9130.041
"ADJPOPC","21","2015",8269.993
"ADJPOPC","23","2015",3598.795
"ADJPOPC","25","2015",5572.91
"ADJPOPC","27","2015",4486.24
"ADJPOPC","29","2015",30267.88
"ADJPOPC","33","2015",1959.778
"ADJPOPC","37","2015",53302.67
"ADJPOPC","39","2015",25252.51
"ADJPOPC","41","2015",674634.9
"ADJPOPC","43","2015",46771.91
"ADJPOPC","45","2015",58367.52
"ADJPOPC","47","2015",5875.187
"ADJPOPC","49","2015",14847.09
"ADJPOPC","51","2015",15905.85
"ADJPOPC","53","2015",791.0576
"ADJPOPC","55","2015",6513.841
"ADJPOPC","57","2015",1404.87
"ADJPOPC","61","2015",1393.472
"ADJPOPC","63","2015",7888.409
"ADJPOPC","65","2015",7436.215
"ADJPOPC","67","2015",55134.89
"ADJPOPC","69","2015",329562.8
"ADJPOPC","71","2015",14258.9
"ADJPOPC","73","2015",5533.415
"ADJPOPC","75","2015",22218.01
"ADJPOPC","77","2015",150233.3
"ADJPOPC","79","2015",701.7659
"ADJPOPC","81","2015",12910.86
"ADJPOPC","83","2015",26384.84
"ADJPOPC","85","2015",41755.49
"ADJPOPC","87","2015",28501.04
"ADJPOPC","89","2015",18550.89
"ADJPOPC","91","2015",4726.296
"ADJPOPC","93","2015",16864.94
"ADJPOPC","95","2015",4367.474
"ADJPOPC","97","2015",17827.87
"ADJPOPC","99","2015",11880.35
"ADJPOPC","101","2015",162837.6
"ADJPOPC","103","2015",6604.42
"ADJPOPC","105","2015",11543.01
"ADJPOPC","107","2015",24443.35
"ADJPOPC","109","2015",6220.134
"ADJPOPC","111","2015",725.4302
"ADJPOPC","113","2015",8062.593
"ADJPOPC","115","2015",2331.913
"ADJPOPC","117","2015",29777.03
"ADJPOPC","119","2015",23650.23
"ADJPOPC","121","2015",4719.681
"ADJPOPC","123","2015",286577.4
"ADJPOPC","125","2015",10219.39
"ADJPOPC","500","2015",3053412
"ADJPOPC","3","2016",16184.39
"ADJPOPC","7","2016",12680.32
"ADJPOPC","9","2016",3621.319
"ADJPOPC","11","2016",5722.414
"ADJPOPC","15","2016",19040.6
"ADJPOPC","17","2016",1868.282
"ADJPOPC","19","2016",9129.8
"ADJPOPC","21","2016",8308.747
"ADJPOPC","23","2016",3612.619
"ADJPOPC","25","2016",5601.047
"ADJPOPC","27","2016",4585.337
"ADJPOPC","29","2016",30552.73
"ADJPOPC","33","2016",2000.279
"ADJPOPC","37","2016",53861.05
"ADJPOPC","39","2016",26641.18
"ADJPOPC","41","2016",684587.9
"ADJPOPC","43","2016",47354.23
"ADJPOPC","45","2016",59386.98
"ADJPOPC","47","2016",5916.853
"ADJPOPC","49","2016",15186.43
"ADJPOPC","51","2016",16144.98
"ADJPOPC","53","2016",807.9977
"ADJPOPC","55","2016",6617.419
"ADJPOPC","57","2016",1419.55
"ADJPOPC","61","2016",1400.217
"ADJPOPC","63","2016",7963.985
"ADJPOPC","65","2016",7523.775
"ADJPOPC","67","2016",56292.48
"ADJPOPC","69","2016",335433.9
"ADJPOPC","71","2016",14515.16
"ADJPOPC","73","2016",5585.969
"ADJPOPC","75","2016",22402.63
"ADJPOPC","77","2016",152359.8
"ADJPOPC","79","2016",706.2675
"ADJPOPC","81","2016",12948.23
"ADJPOPC","83","2016",26948.21
"ADJPOPC","85","2016",42699.55
"ADJPOPC","87","2016",28797.6
"ADJPOPC","89","2016",18712.7
"ADJPOPC","91","2016",4861.248
"ADJPOPC","93","2016",17394.1
"ADJPOPC","95","2016",4361.489
"ADJPOPC","97","2016",18003.71
"ADJPOPC","99","2016",11822.25
"ADJPOPC","101","2016",163446.9
"ADJPOPC","103","2016",6615.743
"ADJPOPC","105","2016",11535.76
"ADJPOPC","107","2016",24971.4
"ADJPOPC","109","2016",6237.196
"ADJPOPC","111","2016",725.0121
"ADJPOPC","113","2016",8325.373
"ADJPOPC","115","2016",2333.176
"ADJPOPC","117","2016",30247.76
"ADJPOPC","119","2016",23902.49
"ADJPOPC","121","2016",4675.914
"ADJPOPC","123","2016",297035.5
"ADJPOPC","125","2016",10317.43
"ADJPOPC","500","2016",3095288
"ADJPOPC","3","2017",16393.79
"ADJPOPC","7","2017",12914.27
"ADJPOPC","9","2017",3621.729
"ADJPOPC","11","2017",5764.421
"ADJPOPC","15","2017",19394.04
"ADJPOPC","17","2017",1877.736
"ADJPOPC","19","2017",9153.197
"ADJPOPC","21","2017",8344.242
"ADJPOPC","23","2017",3650.702
"ADJPOPC","25","2017",5630.483
"ADJPOPC","27","2017",4695.012
"ADJPOPC","29","2017",30933.52
"ADJPOPC","33","2017",2022.011
"ADJPOPC","37","2017",54529.58
"ADJPOPC","39","2017",28259.82
"ADJPOPC","41","2017",694981.4
"ADJPOPC","43","2017",47967.76
"ADJPOPC","45","2017",60406.64
"ADJPOPC","47","2017",5955.131
"ADJPOPC","49","2017",15531.89
"ADJPOPC","51","2017",16388.78
"ADJPOPC","53","2017",832.0359
"ADJPOPC","55","2017",6725.52
"ADJPOPC","57","2017",1431.134
"ADJPOPC","61","2017",1409.431
"ADJPOPC","63","2017",8034.902
"ADJPOPC","65","2017",7611.301
"ADJPOPC","67","2017",57604.44
"ADJPOPC","69","2017",341689.5
"ADJPOPC","71","2017",14712.42
"ADJPOPC","73","2017",5650.324
"ADJPOPC","75","2017",22616.32
"ADJPOPC","77","2017",154574.2
"ADJPOPC","79","2017",710.5438
"ADJPOPC","81","2017",12984.32
"ADJPOPC","83","2017",27533.03
"ADJPOPC","85","2017",44045
"ADJPOPC","87","2017",29118.97
"ADJPOPC","89","2017",18843.13
"ADJPOPC","91","2017",4949.519
"ADJPOPC","93","2017",18022.61
"ADJPOPC","95","2017",4361.95
"ADJPOPC","97","2017",18274.37
"ADJPOPC","99","2017",11819.53
"ADJPOPC","101","2017",164372.1
"ADJPOPC","103","2017",6635.981
"ADJPOPC","105","2017",11552.66
"ADJPOPC","107","2017",25510.11
"ADJPOPC","109","2017",6257.736
"ADJPOPC","111","2017",728.9817
"ADJPOPC","113","2017",8598.538
"ADJPOPC","115","2017",2334.89
"ADJPOPC","117","2017",30809.43
"ADJPOPC","119","2017",24213.58
"ADJPOPC","121","2017",4678.72
"ADJPOPC","123","2017",307636.3
"ADJPOPC","125","2017",10420.82
"ADJPOPC","500","2017",3137726
"ADJPOPC","3","2018",16631.79
"ADJPOPC","7","2018",13176.63
"ADJPOPC","9","2018",3623.363
"ADJPOPC","11","2018",5805.548
"ADJPOPC","15","2018",19797.42
"ADJPOPC","17","2018",1892.405
"ADJPOPC","19","2018",9278.318
"ADJPOPC","21","2018",8371.119
"ADJPOPC","23","2018",3672.389
"ADJPOPC","25","2018",5665.727
"ADJPOPC","27","2018",4820.274
"ADJPOPC","29","2018",31359.6
"ADJPOPC","33","2018",2037.01
"ADJPOPC","37","2018",55311.32
"ADJPOPC","39","2018",30177.41
"ADJPOPC","41","2018",705604.1
"ADJPOPC","43","2018",48716.24
"ADJPOPC","45","2018",61528.52
"ADJPOPC","47","2018",5990.403
"ADJPOPC","49","2018",15872.75
"ADJPOPC","51","2018",16638.14
"ADJPOPC","53","2018",851.9246
"ADJPOPC","55","2018",6831.926
"ADJPOPC","57","2018",1443.102
"ADJPOPC","61","2018",1424.249
"ADJPOPC","63","2018",8091.747
"ADJPOPC","65","2018",7698.238
"ADJPOPC","67","2018",58980.83
"ADJPOPC","69","2018",347943.8
"ADJPOPC","71","2018",14961.2
"ADJPOPC","73","2018",5713.926
"ADJPOPC","75","2018",22807.15
"ADJPOPC","77","2018",156976.7
"ADJPOPC","79","2018",714.6531
"ADJPOPC","81","2018",13044.32
"ADJPOPC","83","2018",28108.92
"ADJPOPC","85","2018",45387.25
"ADJPOPC","87","2018",29465.34
"ADJPOPC","89","2018",18950.23
"ADJPOPC","91","2018",5038.666
"ADJPOPC","93","2018",18751.09
"ADJPOPC","95","2018",4372.902
"ADJPOPC","97","2018",18639.42
"ADJPOPC","99","2018",11849.19
"ADJPOPC","101","2018",165532.7
"ADJPOPC","103","2018",6655.056
"ADJPOPC","105","2018",11619.98
"ADJPOPC","107","2018",26028.27
"ADJPOPC","109","2018",6281.897
"ADJPOPC","111","2018",731.4074
"ADJPOPC","113","2018",8869.785
"ADJPOPC","115","2018",2336.904
"ADJPOPC","117","2018",31567.35
"ADJPOPC","119","2018",24573.81
"ADJPOPC","121","2018",4687.742
"ADJPOPC","123","2018",318378.8
"ADJPOPC","125","2018",10529.43
"ADJPOPC","500","2018",3178965
"ADJPOPC","3","2019",16880.33
"ADJPOPC","7","2019",13457.08
"ADJPOPC","9","2019",3626.084
"ADJPOPC","11","2019",5847.773
"ADJPOPC","15","2019",20251.56
"ADJPOPC","17","2019",1912.421
"ADJPOPC","19","2019",9455.865
"ADJPOPC","21","2019",8406.253
"ADJPOPC","23","2019",3704.118
"ADJPOPC","25","2019",5706.69
"ADJPOPC","27","2019",4956.37
"ADJPOPC","29","2019",31830.74
"ADJPOPC","33","2019",2041.333
"ADJPOPC","37","2019",56209.33
"ADJPOPC","39","2019",32090.26
"ADJPOPC","41","2019",716646.5
"ADJPOPC","43","2019",49436.48
"ADJPOPC","45","2019",62751.94
"ADJPOPC","47","2019",6022.909
"ADJPOPC","49","2019",16210.1
"ADJPOPC","51","2019",16903.7
"ADJPOPC","53","2019",868.9902
"ADJPOPC","55","2019",6933.463
"ADJPOPC","57","2019",1462.939
"ADJPOPC","61","2019",1434.414
"ADJPOPC","63","2019",8147.469
"ADJPOPC","65","2019",7786.268
"ADJPOPC","67","2019",60412.9
"ADJPOPC","69","2019",354194.1
"ADJPOPC","71","2019",15210.16
"ADJPOPC","73","2019",5784.821
"ADJPOPC","75","2019",23050.89
"ADJPOPC","77","2019",159467.1
"ADJPOPC","79","2019",718.6755
"ADJPOPC","81","2019",13128.19
"ADJPOPC","83","2019",28694.32
"ADJPOPC","85","2019",46724.53
"ADJPOPC","87","2019",29837.04
"ADJPOPC","89","2019",19055.8
"ADJPOPC","91","2019",5118.66
"ADJPOPC","93","2019",19477.52
"ADJPOPC","95","2019",4386.258
"ADJPOPC","97","2019",18998.04
"ADJPOPC","99","2019",11880.87
"ADJPOPC","101","2019",166999
"ADJPOPC","103","2019",6672.563
"ADJPOPC","105","2019",11686.84
"ADJPOPC","107","2019",26550.48
"ADJPOPC","109","2019",6309.772
"ADJPOPC","111","2019",738.5969
"ADJPOPC","113","2019",9139.565
"ADJPOPC","115","2019",2339.116
"ADJPOPC","117","2019",32422.23
"ADJPOPC","119","2019",24984.95
"ADJPOPC","121","2019",4702.839
"ADJPOPC","123","2019",329258
"ADJPOPC","125","2019",10643.52
"ADJPOPC","500","2019",3220027
"ADJPOPC","3","2020",17137.53
"ADJPOPC","7","2020",13779.14
"ADJPOPC","9","2020",3629.77
"ADJPOPC","11","2020",5892.867
"ADJPOPC","15","2020",20755.79
"ADJPOPC","17","2020",1943.465
"ADJPOPC","19","2020",9660.975
"ADJPOPC","21","2020",8457.537
"ADJPOPC","23","2020",3717.336
"ADJPOPC","25","2020",5753.785
"ADJPOPC","27","2020",5094.177
"ADJPOPC","29","2020",32347.36
"ADJPOPC","33","2020",2054.218
"ADJPOPC","37","2020",57226.82
"ADJPOPC","39","2020",33896.96
"ADJPOPC","41","2020",727836.6
"ADJPOPC","43","2020",50192.8
"ADJPOPC","45","2020",64081.57
"ADJPOPC","47","2020",6053.834
"ADJPOPC","49","2020",16544.66
"ADJPOPC","51","2020",17148
"ADJPOPC","53","2020",895.5083
"ADJPOPC","55","2020",7032.84
"ADJPOPC","57","2020",1483.027
"ADJPOPC","61","2020",1443.901
"ADJPOPC","63","2020",8208.718
"ADJPOPC","65","2020",7874.584
"ADJPOPC","67","2020",61788.05
"ADJPOPC","69","2020",360453
"ADJPOPC","71","2020",15509.88
"ADJPOPC","73","2020",5869.63
"ADJPOPC","75","2020",23347.39
"ADJPOPC","77","2020",162046.3
"ADJPOPC","79","2020",722.7257
"ADJPOPC","81","2020",13212.73
"ADJPOPC","83","2020",29295.31
"ADJPOPC","85","2020",48259.75
"ADJPOPC","87","2020",30234.58
"ADJPOPC","89","2020",19161.43
"ADJPOPC","91","2020",5189.222
"ADJPOPC","93","2020",20339.4
"ADJPOPC","95","2020",4401.999
"ADJPOPC","97","2020",19351.23
"ADJPOPC","99","2020",11918.78
"ADJPOPC","101","2020",168648.7
"ADJPOPC","103","2020",6688.745
"ADJPOPC","105","2020",11753.16
"ADJPOPC","107","2020",27061.06
"ADJPOPC","109","2020",6341.375
"ADJPOPC","111","2020",745.4988
"ADJPOPC","113","2020",9407.969
"ADJPOPC","115","2020",2341.701
"ADJPOPC","117","2020",33366.38
"ADJPOPC","119","2020",25447.72
"ADJPOPC","121","2020",4723.694
"ADJPOPC","123","2020",340275.5
"ADJPOPC","125","2020",10757.6
"ADJPOPC","500","2020",3260541
"ADJPOPC","3","2021",17405.24
"ADJPOPC","7","2021",14144.2
"ADJPOPC","9","2021",3634.45
"ADJPOPC","11","2021",5926.23
"ADJPOPC","15","2021",21309.22
"ADJPOPC","17","2021",1970.202
"ADJPOPC","19","2021",9920.181
"ADJPOPC","21","2021",8490.846
"ADJPOPC","23","2021",3740.544
"ADJPOPC","25","2021",5801.79
"ADJPOPC","27","2021",5224.136
"ADJPOPC","29","2021",32910.35
"ADJPOPC","33","2021",2067.879
"ADJPOPC","37","2021",58305.1
"ADJPOPC","39","2021",35597.78
"ADJPOPC","41","2021",739262.3
"ADJPOPC","43","2021",50932.88
"ADJPOPC","45","2021",65515.22
"ADJPOPC","47","2021",6083.318
"ADJPOPC","49","2021",16927.25
"ADJPOPC","51","2021",17400.73
"ADJPOPC","53","2021",913.157
"ADJPOPC","55","2021",7129.571
"ADJPOPC","57","2021",1502.573
"ADJPOPC","61","2021",1458.775
"ADJPOPC","63","2021",8276.929
"ADJPOPC","65","2021",7963.427
"ADJPOPC","67","2021",63161.79
"ADJPOPC","69","2021",366955.2
"ADJPOPC","71","2021",15808.75
"ADJPOPC","73","2021",5949.807
"ADJPOPC","75","2021",23645.82
"ADJPOPC","77","2021",164715.4
"ADJPOPC","79","2021",731.9684
"ADJPOPC","81","2021",13298.7
"ADJPOPC","83","2021",29945.19
"ADJPOPC","85","2021",49791
"ADJPOPC","87","2021",30657.48
"ADJPOPC","89","2021",19268.3
"ADJPOPC","91","2021",5250.613
"ADJPOPC","93","2021",21299.24
"ADJPOPC","95","2021",4421.005
"ADJPOPC","97","2021",19749.59
"ADJPOPC","99","2021",11969.41
"ADJPOPC","101","2021",170296.8
"ADJPOPC","103","2021",6704.183
"ADJPOPC","105","2021",11819.31
"ADJPOPC","107","2021",27579.69
"ADJPOPC","109","2021",6382.049
"ADJPOPC","111","2021",752.2704
"ADJPOPC","113","2021",9680.765
"ADJPOPC","115","2021",2349.822
"ADJPOPC","117","2021",34304.82
"ADJPOPC","119","2021",25911.49
"ADJPOPC","121","2021",4750.218
"ADJPOPC","123","2021",351927.3
"ADJPOPC","125","2021",10870.81
"ADJPOPC","500","2021",3300492
"ADJPOPC","3","2022",17665.93
"ADJPOPC","7","2022",14552.08
"ADJPOPC","9","2022",3639.872
"ADJPOPC","11","2022",5962.14
"ADJPOPC","15","2022",21841.04
"ADJPOPC","17","2022",1992.316
"ADJPOPC","19","2022",10182.94
"ADJPOPC","21","2022",8518.245
"ADJPOPC","23","2022",3759.366
"ADJPOPC","25","2022",5850.53
"ADJPOPC","27","2022",5358.386
"ADJPOPC","29","2022",33570.9
"ADJPOPC","33","2022",2082.041
"ADJPOPC","37","2022",59486.57
"ADJPOPC","39","2022",37292.85
"ADJPOPC","41","2022",750749.4
"ADJPOPC","43","2022",51685.15
"ADJPOPC","45","2022",67055.69
"ADJPOPC","47","2022",6111.513
"ADJPOPC","49","2022",17365.72
"ADJPOPC","51","2022",17651.21
"ADJPOPC","53","2022",936.2697
"ADJPOPC","55","2022",7223.355
"ADJPOPC","57","2022",1508.022
"ADJPOPC","61","2022",1472.992
"ADJPOPC","63","2022",8345.726
"ADJPOPC","65","2022",8052.394
"ADJPOPC","67","2022",64521.78
"ADJPOPC","69","2022",373678.1
"ADJPOPC","71","2022",16106.65
"ADJPOPC","73","2022",6041.805
"ADJPOPC","75","2022",23945.72
"ADJPOPC","77","2022",167475.4
"ADJPOPC","79","2022",741.2686
"ADJPOPC","81","2022",13384.83
"ADJPOPC","83","2022",30592.83
"ADJPOPC","85","2022",51317.07
"ADJPOPC","87","2022",31079.58
"ADJPOPC","89","2022",19356.11
"ADJPOPC","91","2022",5275.817
"ADJPOPC","93","2022",22331.51
"ADJPOPC","95","2022",4443.434
"ADJPOPC","97","2022",20164.07
"ADJPOPC","99","2022",12014.61
"ADJPOPC","101","2022",171946.3
"ADJPOPC","103","2022",6718.816
"ADJPOPC","105","2022",11911.01
"ADJPOPC","107","2022",28131.53
"ADJPOPC","109","2022",6431.82
"ADJPOPC","111","2022",758.8037
"ADJPOPC","113","2022",9957.835
"ADJPOPC","115","2022",2363.571
"ADJPOPC","117","2022",35241.32
"ADJPOPC","119","2022",26375.83
"ADJPOPC","121","2022",4777.257
"ADJPOPC","123","2022",364219.7
"ADJPOPC","125","2022",10982.61
"ADJPOPC","500","2022",3339905
"ADJPOPC","3","2023",17919.62
"ADJPOPC","7","2023",15002.98
"ADJPOPC","9","2023",3646.168
"ADJPOPC","11","2023",6002.328
"ADJPOPC","15","2023",22248.51
"ADJPOPC","17","2023",2009.739
"ADJPOPC","19","2023",10448.91
"ADJPOPC","21","2023",8571.605
"ADJPOPC","23","2023",3788.252
"ADJPOPC","25","2023",5900.124
"ADJPOPC","27","2023",5491.437
"ADJPOPC","29","2023",34328.73
"ADJPOPC","33","2023",2096.807
"ADJPOPC","37","2023",61307.18
"ADJPOPC","39","2023",38980.61
"ADJPOPC","41","2023",762438.1
"ADJPOPC","43","2023",52433.74
"ADJPOPC","45","2023",68706.41
"ADJPOPC","47","2023",6139.185
"ADJPOPC","49","2023",17817.67
"ADJPOPC","51","2023",17899.29
"ADJPOPC","53","2023",959.9291
"ADJPOPC","55","2023",7314.055
"ADJPOPC","57","2023",1522.841
"ADJPOPC","61","2023",1481.408
"ADJPOPC","63","2023",8419.539
"ADJPOPC","65","2023",8142.137
"ADJPOPC","67","2023",65888.89
"ADJPOPC","69","2023",380333.8
"ADJPOPC","71","2023",16403.43
"ADJPOPC","73","2023",6118.788
"ADJPOPC","75","2023",24246.78
"ADJPOPC","77","2023",170226.4
"ADJPOPC","79","2023",750.5731
"ADJPOPC","81","2023",13496.37
"ADJPOPC","83","2023",31242.5
"ADJPOPC","85","2023",52839.28
"ADJPOPC","87","2023",31500.57
"ADJPOPC","89","2023",19424.9
"ADJPOPC","91","2023",5305.571
"ADJPOPC","93","2023",23261.39
"ADJPOPC","95","2023",4467.195
"ADJPOPC","97","2023",20600.16
"ADJPOPC","99","2023",12053.02
"ADJPOPC","101","2023",173597.8
"ADJPOPC","103","2023",6733.596
"ADJPOPC","105","2023",12028.02
"ADJPOPC","107","2023",28732.43
"ADJPOPC","109","2023",6485.745
"ADJPOPC","111","2023",760.1871
"ADJPOPC","113","2023",10250.09
"ADJPOPC","115","2023",2391.319
"ADJPOPC","117","2023",36178.1
"ADJPOPC","119","2023",26789.61
"ADJPOPC","121","2023",4804.648
"ADJPOPC","123","2023",376648.2
"ADJPOPC","125","2023",11091.86
"ADJPOPC","500","2023",3379395
"ADJPOPC","3","2024",18175.88
"ADJPOPC","7","2024",15471.4
"ADJPOPC","9","2024",3653.511
"ADJPOPC","11","2024",6036.454
"ADJPOPC","15","2024",22591.6
"ADJPOPC","17","2024",2022.344
"ADJPOPC","19","2024",10693.24
"ADJPOPC","21","2024",8634.948
"ADJPOPC","23","2024",3811.835
"ADJPOPC","25","2024",5949.982
"ADJPOPC","27","2024",5624.71
"ADJPOPC","29","2024",35183.35
"ADJPOPC","33","2024",2112.259
"ADJPOPC","37","2024",63161.61
"ADJPOPC","39","2024",40659.7
"ADJPOPC","41","2024",774313
"ADJPOPC","43","2024",53161.63
"ADJPOPC","45","2024",70366.43
"ADJPOPC","47","2024",6166.624
"ADJPOPC","49","2024",18255.39
"ADJPOPC","51","2024",18143.92
"ADJPOPC","53","2024",984.0982
"ADJPOPC","55","2024",7403.411
"ADJPOPC","57","2024",1527.576
"ADJPOPC","61","2024",1492.98
"ADJPOPC","63","2024",8485.975
"ADJPOPC","65","2024",8232.354
"ADJPOPC","67","2024",67230.97
"ADJPOPC","69","2024",386961.4
"ADJPOPC","71","2024",16724.49
"ADJPOPC","73","2024",6190.432
"ADJPOPC","75","2024",24548.63
"ADJPOPC","77","2024",172968.7
"ADJPOPC","79","2024",759.8222
"ADJPOPC","81","2024",13633.29
"ADJPOPC","83","2024",31889.82
"ADJPOPC","85","2024",54357.25
"ADJPOPC","87","2024",31920.07
"ADJPOPC","89","2024",19473.44
"ADJPOPC","91","2024",5333.094
"ADJPOPC","93","2024",24074.96
"ADJPOPC","95","2024",4492.24
"ADJPOPC","97","2024",21018.49
"ADJPOPC","99","2024",12095.11
"ADJPOPC","101","2024",175247.8
"ADJPOPC","103","2024",6748.231
"ADJPOPC","105","2024",12145.12
"ADJPOPC","107","2024",29436.24
"ADJPOPC","109","2024",6544.09
"ADJPOPC","111","2024",761.4844
"ADJPOPC","113","2024",10567.53
"ADJPOPC","115","2024",2412.605
"ADJPOPC","117","2024",37093.21
"ADJPOPC","119","2024",27147.44
"ADJPOPC","121","2024",4832.52
"ADJPOPC","123","2024",389208.9
"ADJPOPC","125","2024",11207.12
"ADJPOPC","500","2024",3418455
"ADJPOPC","3","2025",18434.54
"ADJPOPC","7","2025",15962.3
"ADJPOPC","9","2025",3661.741
"ADJPOPC","11","2025",6079.927
"ADJPOPC","15","2025",22980.61
"ADJPOPC","17","2025",2029.752
"ADJPOPC","19","2025",10944.41
"ADJPOPC","21","2025",8707.352
"ADJPOPC","23","2025",3838.177
"ADJPOPC","25","2025",5999.596
"ADJPOPC","27","2025",5741.611
"ADJPOPC","29","2025",36031.77
"ADJPOPC","33","2025",2128.307
"ADJPOPC","37","2025",65046.82
"ADJPOPC","39","2025",42327.71
"ADJPOPC","41","2025",786360.9
"ADJPOPC","43","2025",53883.72
"ADJPOPC","45","2025",72033.46
"ADJPOPC","47","2025",6194.011
"ADJPOPC","49","2025",18699.43
"ADJPOPC","51","2025",18386.31
"ADJPOPC","53","2025",1008.891
"ADJPOPC","55","2025",7491.31
"ADJPOPC","57","2025",1535.161
"ADJPOPC","61","2025",1502.721
"ADJPOPC","63","2025",8558.436
"ADJPOPC","65","2025",8322.59
"ADJPOPC","67","2025",68579.2
"ADJPOPC","69","2025",393557.7
"ADJPOPC","71","2025",17043.74
"ADJPOPC","73","2025",6267.109
"ADJPOPC","75","2025",24850.64
"ADJPOPC","77","2025",175699.6
"ADJPOPC","79","2025",768.9937
"ADJPOPC","81","2025",13795.97
"ADJPOPC","83","2025",32548.06
"ADJPOPC","85","2025",55869.42
"ADJPOPC","87","2025",32338.61
"ADJPOPC","89","2025",19500.3
"ADJPOPC","91","2025",5353.507
"ADJPOPC","93","2025",24788.49
"ADJPOPC","95","2025",4518.39
"ADJPOPC","97","2025",21456.5
"ADJPOPC","99","2025",12134.5
"ADJPOPC","101","2025",176888.1
"ADJPOPC","103","2025",6787.927
"ADJPOPC","105","2025",12236.8
"ADJPOPC","107","2025",30240.92
"ADJPOPC","109","2025",6607.242
"ADJPOPC","111","2025",768.8956
"ADJPOPC","113","2025",10883.85
"ADJPOPC","115","2025",2437.566
"ADJPOPC","117","2025",37987.66
"ADJPOPC","119","2025",27450.74
"ADJPOPC","121","2025",4860.868
"ADJPOPC","123","2025",401887.7
"ADJPOPC","125","2025",11320.27
"ADJPOPC","500","2025",3457042
"ADJPOPC","3","2026",18698.83
"ADJPOPC","7","2026",16463.3
"ADJPOPC","9","2026",3670.793
"ADJPOPC","11","2026",6112.229
"ADJPOPC","15","2026",23569.31
"ADJPOPC","17","2026",2036.883
"ADJPOPC","19","2026",11190.86
"ADJPOPC","21","2026",8782.889
"ADJPOPC","23","2026",3859.244
"ADJPOPC","25","2026",6048.939
"ADJPOPC","27","2026",5876.421
"ADJPOPC","29","2026",36873.6
"ADJPOPC","33","2026",2142.966
"ADJPOPC","37","2026",66958.99
"ADJPOPC","39","2026",43982.97
"ADJPOPC","41","2026",798281.2
"ADJPOPC","43","2026",54602.7
"ADJPOPC","45","2026",73809.55
"ADJPOPC","47","2026",6211.797
"ADJPOPC","49","2026",19127.8
"ADJPOPC","51","2026",18626.48
"ADJPOPC","53","2026",1034.115
"ADJPOPC","55","2026",7577.832
"ADJPOPC","57","2026",1546.921
"ADJPOPC","61","2026",1518.784
"ADJPOPC","63","2026",8632.259
"ADJPOPC","65","2026",8412.625
"ADJPOPC","67","2026",69843.72
"ADJPOPC","69","2026",400125.4
"ADJPOPC","71","2026",17370.98
"ADJPOPC","73","2026",6353.89
"ADJPOPC","75","2026",25152.12
"ADJPOPC","77","2026",178419.2
"ADJPOPC","79","2026",778.1529
"ADJPOPC","81","2026",13984.77
"ADJPOPC","83","2026",33203.29
"ADJPOPC","85","2026",57374.14
"ADJPOPC","87","2026",32757.68
"ADJPOPC","89","2026",19521.27
"ADJPOPC","91","2026",5380.043
"ADJPOPC","93","2026",25497.92
"ADJPOPC","95","2026",4545.43
"ADJPOPC","97","2026",21901.51
"ADJPOPC","99","2026",12176.92
"ADJPOPC","101","2026",178515.4
"ADJPOPC","103","2026",6827.722
"ADJPOPC","105","2026",12302.49
"ADJPOPC","107","2026",31087.69
"ADJPOPC","109","2026",6675.315
"ADJPOPC","111","2026",772.2645
"ADJPOPC","113","2026",11199.04
"ADJPOPC","115","2026",2462.121
"ADJPOPC","117","2026",38869.07
"ADJPOPC","119","2026",27697.62
"ADJPOPC","121","2026",4889.672
"ADJPOPC","123","2026",414678.7
"ADJPOPC","125","2026",11431.45
"ADJPOPC","500","2026",3500786
"ADJPOPC","3","2027",18968.24
"ADJPOPC","7","2027",16966.61
"ADJPOPC","9","2027",3680.635
"ADJPOPC","11","2027",6140.308
"ADJPOPC","15","2027",24054.22
"ADJPOPC","17","2027",2043.933
"ADJPOPC","19","2027",11440.56
"ADJPOPC","21","2027",8862.161
"ADJPOPC","23","2027",3880.279
"ADJPOPC","25","2027",6095.029
"ADJPOPC","27","2027",6005.151
"ADJPOPC","29","2027",37607.59
"ADJPOPC","33","2027",2154.865
"ADJPOPC","37","2027",68893.58
"ADJPOPC","39","2027",45319.81
"ADJPOPC","41","2027",810264.1
"ADJPOPC","43","2027",55311.33
"ADJPOPC","45","2027",75591.29
"ADJPOPC","47","2027",6229.51
"ADJPOPC","49","2027",19561.17
"ADJPOPC","51","2027",18865.38
"ADJPOPC","53","2027",1059.867
"ADJPOPC","55","2027",7663.105
"ADJPOPC","57","2027",1552.99
"ADJPOPC","61","2027",1535.11
"ADJPOPC","63","2027",8701.474
"ADJPOPC","65","2027",8503.372
"ADJPOPC","67","2027",71104.7
"ADJPOPC","69","2027",406592.7
"ADJPOPC","71","2027",17713.16
"ADJPOPC","73","2027",6444.578
"ADJPOPC","75","2027",25452.52
"ADJPOPC","77","2027",181131.1
"ADJPOPC","79","2027",787.3523
"ADJPOPC","81","2027",14148.64
"ADJPOPC","83","2027",33854.8
"ADJPOPC","85","2027",58871.28
"ADJPOPC","87","2027",33177.75
"ADJPOPC","89","2027",19532.38
"ADJPOPC","91","2027",5401.811
"ADJPOPC","93","2027",26197.78
"ADJPOPC","95","2027",4566.817
"ADJPOPC","97","2027",22347.49
"ADJPOPC","99","2027",12210.82
"ADJPOPC","101","2027",180129.8
"ADJPOPC","103","2027",6867.808
"ADJPOPC","105","2027",12367.33
"ADJPOPC","107","2027",31935.93
"ADJPOPC","109","2027",6748.367
"ADJPOPC","111","2027",773.6221
"ADJPOPC","113","2027",11512.76
"ADJPOPC","115","2027",2476.898
"ADJPOPC","117","2027",39738.55
"ADJPOPC","119","2027",27939.06
"ADJPOPC","121","2027",4918.963
"ADJPOPC","123","2027",427569.9
"ADJPOPC","125","2027",11531.79
"ADJPOPC","500","2027",3548904
"ADJPOPC","3","2028",19242.3
"ADJPOPC","7","2028",17457.86
"ADJPOPC","9","2028",3691.358
"ADJPOPC","11","2028",6154.775
"ADJPOPC","15","2028",24312.29
"ADJPOPC","17","2028",2050.883
"ADJPOPC","19","2028",11693.29
"ADJPOPC","21","2028",8941.202
"ADJPOPC","23","2028",3911.541
"ADJPOPC","25","2028",6141.11
"ADJPOPC","27","2028",6127.666
"ADJPOPC","29","2028",38335.17
"ADJPOPC","33","2028",2164.315
"ADJPOPC","37","2028",70845.44
"ADJPOPC","39","2028",46641.49
"ADJPOPC","41","2028",822215.3
"ADJPOPC","43","2028",56004.81
"ADJPOPC","45","2028",77273.55
"ADJPOPC","47","2028",6247.709
"ADJPOPC","49","2028",19989.44
"ADJPOPC","51","2028",19103.63
"ADJPOPC","53","2028",1085.683
"ADJPOPC","55","2028",7747.053
"ADJPOPC","57","2028",1565.656
"ADJPOPC","61","2028",1546.374
"ADJPOPC","63","2028",8771.541
"ADJPOPC","65","2028",8593.751
"ADJPOPC","67","2028",72324.96
"ADJPOPC","69","2028",412742.1
"ADJPOPC","71","2028",18053.48
"ADJPOPC","73","2028",6523.979
"ADJPOPC","75","2028",25801.6
"ADJPOPC","77","2028",183833
"ADJPOPC","79","2028",791.5356
"ADJPOPC","81","2028",14312.73
"ADJPOPC","83","2028",34504.87
"ADJPOPC","85","2028",60358.78
"ADJPOPC","87","2028",33598.56
"ADJPOPC","89","2028",19514.24
"ADJPOPC","91","2028",5419.416
"ADJPOPC","93","2028",26840.02
"ADJPOPC","95","2028",4594.518
"ADJPOPC","97","2028",22785.61
"ADJPOPC","99","2028",12239.44
"ADJPOPC","101","2028",181734.2
"ADJPOPC","103","2028",6907.756
"ADJPOPC","105","2028",12431.44
"ADJPOPC","107","2028",32789.66
"ADJPOPC","109","2028",6826.367
"ADJPOPC","111","2028",778.0007
"ADJPOPC","113","2028",11826.17
"ADJPOPC","115","2028",2496.129
"ADJPOPC","117","2028",40572.32
"ADJPOPC","119","2028",28173.64
"ADJPOPC","121","2028",4948.52
"ADJPOPC","123","2028",440551.2
"ADJPOPC","125","2028",11644.97
"ADJPOPC","500","2028",3598433
"ADJPOPC","3","2029",19519.4
"ADJPOPC","7","2029",17951.49
"ADJPOPC","9","2029",3702.891
"ADJPOPC","11","2029",6167.553
"ADJPOPC","15","2029",24566.21
"ADJPOPC","17","2029",2057.764
"ADJPOPC","19","2029",11949.1
"ADJPOPC","21","2029",9005.331
"ADJPOPC","23","2029",3935.804
"ADJPOPC","25","2029",6187.409
"ADJPOPC","27","2029",6257.782
"ADJPOPC","29","2029",39056.44
"ADJPOPC","33","2029",2177.439
"ADJPOPC","37","2029",72809.03
"ADJPOPC","39","2029",47845.31
"ADJPOPC","41","2029",834151.4
"ADJPOPC","43","2029",56700.78
"ADJPOPC","45","2029",78955.07
"ADJPOPC","47","2029",6266.674
"ADJPOPC","49","2029",20404.27
"ADJPOPC","51","2029",19341.6
"ADJPOPC","53","2029",1111.969
"ADJPOPC","55","2029",7827.369
"ADJPOPC","57","2029",1570.539
"ADJPOPC","61","2029",1560.853
"ADJPOPC","63","2029",8842.45
"ADJPOPC","65","2029",8683.687
"ADJPOPC","67","2029",73537.95
"ADJPOPC","69","2029",418862.9
"ADJPOPC","71","2029",18368.95
"ADJPOPC","73","2029",6615.627
"ADJPOPC","75","2029",26148.99
"ADJPOPC","77","2029",186522.5
"ADJPOPC","79","2029",795.8104
"ADJPOPC","81","2029",14451.65
"ADJPOPC","83","2029",35140.52
"ADJPOPC","85","2029",61834.52
"ADJPOPC","87","2029",34019.85
"ADJPOPC","89","2029",19494.74
"ADJPOPC","91","2029",5445.503
"ADJPOPC","93","2029",27475.03
"ADJPOPC","95","2029",4603.746
"ADJPOPC","97","2029",23225.29
"ADJPOPC","99","2029",12263.14
"ADJPOPC","101","2029",183331.3
"ADJPOPC","103","2029",6946.699
"ADJPOPC","105","2029",12494.61
"ADJPOPC","107","2029",33638.84
"ADJPOPC","109","2029",6909.403
"ADJPOPC","111","2029",779.2747
"ADJPOPC","113","2029",12138.77
"ADJPOPC","115","2029",2524.015
"ADJPOPC","117","2029",41394.98
"ADJPOPC","119","2029",28400.07
"ADJPOPC","121","2029",4978.004
"ADJPOPC","123","2029",453613.5
"ADJPOPC","125","2029",11748.27
"ADJPOPC","500","2029",3648667
"ADJPOPC","3","2030",19798.6
"ADJPOPC","7","2030",18426.58
"ADJPOPC","9","2030",3715.054
"ADJPOPC","11","2030",6179.543
"ADJPOPC","15","2030",24815.6
"ADJPOPC","17","2030",2054.727
"ADJPOPC","19","2030",12207.93
"ADJPOPC","21","2030",9075.072
"ADJPOPC","23","2030",3944.727
"ADJPOPC","25","2030",6233.769
"ADJPOPC","27","2030",6373.981
"ADJPOPC","29","2030",39770.52
"ADJPOPC","33","2030",2206.057
"ADJPOPC","37","2030",74779.06
"ADJPOPC","39","2030",49031.37
"ADJPOPC","41","2030",846085.4
"ADJPOPC","43","2030",57361.75
"ADJPOPC","45","2030",80636.8
"ADJPOPC","47","2030",6286.789
"ADJPOPC","49","2030",20810.72
"ADJPOPC","51","2030",19578.02
"ADJPOPC","53","2030",1138.741
"ADJPOPC","55","2030",7904.169
"ADJPOPC","57","2030",1578.874
"ADJPOPC","61","2030",1576.378
"ADJPOPC","63","2030",8913.919
"ADJPOPC","65","2030",8774.656
"ADJPOPC","67","2030",74737.07
"ADJPOPC","69","2030",424941.2
"ADJPOPC","71","2030",18678.77
"ADJPOPC","73","2030",6700.112
"ADJPOPC","75","2030",26489.7
"ADJPOPC","77","2030",189200.3
"ADJPOPC","79","2030",800.173
"ADJPOPC","81","2030",14591.91
"ADJPOPC","83","2030",35756.82
"ADJPOPC","85","2030",63302.88
"ADJPOPC","87","2030",34440.48
"ADJPOPC","89","2030",19474.42
"ADJPOPC","91","2030",5466.428
"ADJPOPC","93","2030",28102.16
"ADJPOPC","95","2030",4625.075
"ADJPOPC","97","2030",23670.19
"ADJPOPC","99","2030",12291.13
"ADJPOPC","101","2030",184915.1
"ADJPOPC","103","2030",6986.26
"ADJPOPC","105","2030",12556.54
"ADJPOPC","107","2030",34489.81
"ADJPOPC","109","2030",6997.431
"ADJPOPC","111","2030",780.7348
"ADJPOPC","113","2030",12450.84
"ADJPOPC","115","2030",2540.974
"ADJPOPC","117","2030",42198.15
"ADJPOPC","119","2030",28621.45
"ADJPOPC","121","2030",5007.24
"ADJPOPC","123","2030",466751.4
"ADJPOPC","125","2030",11857.75
"ADJPOPC","500","2030",3699406
"ADJPOPC","3","2031",20079.44
"ADJPOPC","7","2031",18912.36
"ADJPOPC","9","2031",3727.716
"ADJPOPC","11","2031",6190.798
"ADJPOPC","15","2031",25155.6
"ADJPOPC","17","2031",2051.821
"ADJPOPC","19","2031",12448.72
"ADJPOPC","21","2031",9141.032
"ADJPOPC","23","2031",3965.911
"ADJPOPC","25","2031",6280.094
"ADJPOPC","27","2031",6489.576
"ADJPOPC","29","2031",40461.28
"ADJPOPC","33","2031",2236.318
"ADJPOPC","37","2031",76750.44
"ADJPOPC","39","2031",50198.38
"ADJPOPC","41","2031",857411.6
"ADJPOPC","43","2031",58031.59
"ADJPOPC","45","2031",82314.56
"ADJPOPC","47","2031",6327.853
"ADJPOPC","49","2031",21221.62
"ADJPOPC","51","2031",19813.04
"ADJPOPC","53","2031",1165.84
"ADJPOPC","55","2031",7977.462
"ADJPOPC","57","2031",1588.854
"ADJPOPC","61","2031",1592.867
"ADJPOPC","63","2031",8985.056
"ADJPOPC","65","2031",8866.004
"ADJPOPC","67","2031",75924.49
"ADJPOPC","69","2031",430973.2
"ADJPOPC","71","2031",18974.98
"ADJPOPC","73","2031",6788.296
"ADJPOPC","75","2031",26834.53
"ADJPOPC","77","2031",191862.6
"ADJPOPC","79","2031",804.567
"ADJPOPC","81","2031",14732.49
"ADJPOPC","83","2031",36378.06
"ADJPOPC","85","2031",64761.07
"ADJPOPC","87","2031",34859.83
"ADJPOPC","89","2031",19453.34
"ADJPOPC","91","2031",5484.433
"ADJPOPC","93","2031",28694.95
"ADJPOPC","95","2031",4647.183
"ADJPOPC","97","2031",24119.74
"ADJPOPC","99","2031",12313.1
"ADJPOPC","101","2031",186482.1
"ADJPOPC","103","2031",7025.86
"ADJPOPC","105","2031",12668.69
"ADJPOPC","107","2031",35345.45
"ADJPOPC","109","2031",7090.257
"ADJPOPC","111","2031",788.6329
"ADJPOPC","113","2031",12762.77
"ADJPOPC","115","2031",2556.13
"ADJPOPC","117","2031",42989.35
"ADJPOPC","119","2031",28837.84
"ADJPOPC","121","2031",5036.062
"ADJPOPC","123","2031",479955.5
"ADJPOPC","125","2031",11955.55
"ADJPOPC","500","2031",3748558
"ADJPOPC","3","2032",20357.87
"ADJPOPC","7","2032",19390.63
"ADJPOPC","9","2032",3740.729
"ADJPOPC","11","2032",6201.345
"ADJPOPC","15","2032",25363.48
"ADJPOPC","17","2032",2048.997
"ADJPOPC","19","2032",12681.06
"ADJPOPC","21","2032",9207.301
"ADJPOPC","23","2032",3989.169
"ADJPOPC","25","2032",6329.403
"ADJPOPC","27","2032",6605.629
"ADJPOPC","29","2032",41138.47
"ADJPOPC","33","2032",2263.235
"ADJPOPC","37","2032",78718.71
"ADJPOPC","39","2032",51346.41
"ADJPOPC","41","2032",869226.5
"ADJPOPC","43","2032",58681.51
"ADJPOPC","45","2032",83989.38
"ADJPOPC","47","2032",6380.33
"ADJPOPC","49","2032",21629.08
"ADJPOPC","51","2032",20047.04
"ADJPOPC","53","2032",1193.453
"ADJPOPC","55","2032",8045.178
"ADJPOPC","57","2032",1598.944
"ADJPOPC","61","2032",1610.28
"ADJPOPC","63","2032",9055.655
"ADJPOPC","65","2032",8957.522
"ADJPOPC","67","2032",77078.09
"ADJPOPC","69","2032",436975.2
"ADJPOPC","71","2032",19247.19
"ADJPOPC","73","2032",6877.83
"ADJPOPC","75","2032",27175.69
"ADJPOPC","77","2032",194507.8
"ADJPOPC","79","2032",808.9788
"ADJPOPC","81","2032",14874.57
"ADJPOPC","83","2032",37001.98
"ADJPOPC","85","2032",66207.86
"ADJPOPC","87","2032",35277.74
"ADJPOPC","89","2032",19431.92
"ADJPOPC","91","2032",5503.551
"ADJPOPC","93","2032",29252.99
"ADJPOPC","95","2032",4661.07
"ADJPOPC","97","2032",24567.39
"ADJPOPC","99","2032",12347.33
"ADJPOPC","101","2032",188019.7
"ADJPOPC","103","2032",7065.991
"ADJPOPC","105","2032",12780.35
"ADJPOPC","107","2032",36203.32
"ADJPOPC","109","2032",7177.298
"ADJPOPC","111","2032",795.5412
"ADJPOPC","113","2032",13074.65
"ADJPOPC","115","2032",2585.936
"ADJPOPC","117","2032",43774.78
"ADJPOPC","119","2032",29049.35
"ADJPOPC","121","2032",5054.307
"ADJPOPC","123","2032",493474.5
"ADJPOPC","125","2032",12056.69
"ADJPOPC","500","2032",3797579
"ADJPOPC","3","2033",20633.83
"ADJPOPC","7","2033",19863.04
"ADJPOPC","9","2033",3754.076
"ADJPOPC","11","2033",6211.385
"ADJPOPC","15","2033",25591.28
"ADJPOPC","17","2033",2045.985
"ADJPOPC","19","2033",12914.87
"ADJPOPC","21","2033",9261.529
"ADJPOPC","23","2033",4009.487
"ADJPOPC","25","2033",6384.655
"ADJPOPC","27","2033",6714.062
"ADJPOPC","29","2033",41817.73
"ADJPOPC","33","2033",2292.673
"ADJPOPC","37","2033",80680.07
"ADJPOPC","39","2033",52474.88
"ADJPOPC","41","2033",881114.6
"ADJPOPC","43","2033",59327.06
"ADJPOPC","45","2033",85659.42
"ADJPOPC","47","2033",6433.792
"ADJPOPC","49","2033",22033.47
"ADJPOPC","51","2033",20279.41
"ADJPOPC","53","2033",1221.477
"ADJPOPC","55","2033",8086.142
"ADJPOPC","57","2033",1607.188
"ADJPOPC","61","2033",1628.536
"ADJPOPC","63","2033",9126.236
"ADJPOPC","65","2033",9048.59
"ADJPOPC","67","2033",78223.6
"ADJPOPC","69","2033",442921.9
"ADJPOPC","71","2033",19464.82
"ADJPOPC","73","2033",6965.487
"ADJPOPC","75","2033",27513.62
"ADJPOPC","77","2033",197133.4
"ADJPOPC","79","2033",813.3997
"ADJPOPC","81","2033",15017.52
"ADJPOPC","83","2033",37629.99
"ADJPOPC","85","2033",67643.67
"ADJPOPC","87","2033",35719.63
"ADJPOPC","89","2033",19410.31
"ADJPOPC","91","2033",5524.866
"ADJPOPC","93","2033",29775.61
"ADJPOPC","95","2033",4682.074
"ADJPOPC","97","2033",25009.07
"ADJPOPC","99","2033",12363.31
"ADJPOPC","101","2033",189524.6
"ADJPOPC","103","2033",7106.046
"ADJPOPC","105","2033",12865.94
"ADJPOPC","107","2033",37053.87
"ADJPOPC","109","2033",7263.468
"ADJPOPC","111","2033",802.5317
"ADJPOPC","113","2033",13385.82
"ADJPOPC","115","2033",2603.798
"ADJPOPC","117","2033",44536.12
"ADJPOPC","119","2033",29253.09
"ADJPOPC","121","2033",5061.892
"ADJPOPC","123","2033",507308.5
"ADJPOPC","125","2033",12157.96
"ADJPOPC","500","2033",3846528
"ADJPOPC","3","2034",20910.07
"ADJPOPC","7","2034",20337.39
"ADJPOPC","9","2034",3767.713
"ADJPOPC","11","2034",6221.035
"ADJPOPC","15","2034",25813.86
"ADJPOPC","17","2034",2037.425
"ADJPOPC","19","2034",13149.98
"ADJPOPC","21","2034",9325.082
"ADJPOPC","23","2034",4022.861
"ADJPOPC","25","2034",6440.656
"ADJPOPC","27","2034",6832.265
"ADJPOPC","29","2034",42472.82
"ADJPOPC","33","2034",2317.392
"ADJPOPC","37","2034",82631.63
"ADJPOPC","39","2034",53584.25
"ADJPOPC","41","2034",893089.8
"ADJPOPC","43","2034",59971.47
"ADJPOPC","45","2034",87323.83
"ADJPOPC","47","2034",6488.137
"ADJPOPC","49","2034",22433.2
"ADJPOPC","51","2034",20510.2
"ADJPOPC","53","2034",1249.831
"ADJPOPC","55","2034",8100.438
"ADJPOPC","57","2034",1608.464
"ADJPOPC","61","2034",1644.635
"ADJPOPC","63","2034",9197.22
"ADJPOPC","65","2034",9139.269
"ADJPOPC","67","2034",79360.48
"ADJPOPC","69","2034",448821.6
"ADJPOPC","71","2034",19653.33
"ADJPOPC","73","2034",7046.967
"ADJPOPC","75","2034",27843.29
"ADJPOPC","77","2034",199734.5
"ADJPOPC","79","2034",817.8162
"ADJPOPC","81","2034",15161.35
"ADJPOPC","83","2034",38254.13
"ADJPOPC","85","2034",69068.04
"ADJPOPC","87","2034",36160
"ADJPOPC","89","2034",19388.54
"ADJPOPC","91","2034",5545.298
"ADJPOPC","93","2034",30262.28
"ADJPOPC","95","2034",4700.013
"ADJPOPC","97","2034",25449
"ADJPOPC","99","2034",12386.45
"ADJPOPC","101","2034",190994.4
"ADJPOPC","103","2034",7146.169
"ADJPOPC","105","2034",12925.22
"ADJPOPC","107","2034",37898.67
"ADJPOPC","109","2034",7348.693
"ADJPOPC","111","2034",809.6515
"ADJPOPC","113","2034",13696.14
"ADJPOPC","115","2034",2617.802
"ADJPOPC","117","2034",45313.35
"ADJPOPC","119","2034",29451.53
"ADJPOPC","121","2034",5058.712
"ADJPOPC","123","2034",521461.8
"ADJPOPC","125","2034",12260.38
"ADJPOPC","500","2034",3895355
"ADJPOPC","3","2035",21186.19
"ADJPOPC","7","2035",20808.74
"ADJPOPC","9","2035",3781.639
"ADJPOPC","11","2035",6230.568
"ADJPOPC","15","2035",26036.82
"ADJPOPC","17","2035",2028.356
"ADJPOPC","19","2035",13386.12
"ADJPOPC","21","2035",9383.815
"ADJPOPC","23","2035",4041.613
"ADJPOPC","25","2035",6493.302
"ADJPOPC","27","2035",6943.214
"ADJPOPC","29","2035",43132.13
"ADJPOPC","33","2035",2350.624
"ADJPOPC","37","2035",84571.58
"ADJPOPC","39","2035",54674.8
"ADJPOPC","41","2035",905156.4
"ADJPOPC","43","2035",60618.77
"ADJPOPC","45","2035",88981.51
"ADJPOPC","47","2035",6543.143
"ADJPOPC","49","2035",22837.8
"ADJPOPC","51","2035",20739.64
"ADJPOPC","53","2035",1278.431
"ADJPOPC","55","2035",8113.799
"ADJPOPC","57","2035",1630.107
"ADJPOPC","61","2035",1654.493
"ADJPOPC","63","2035",9268.722
"ADJPOPC","65","2035",9229.2
"ADJPOPC","67","2035",80485.78
"ADJPOPC","69","2035",454667.7
"ADJPOPC","71","2035",19838.51
"ADJPOPC","73","2035",7149.753
"ADJPOPC","75","2035",28173.91
"ADJPOPC","77","2035",202310.2
"ADJPOPC","79","2035",824.2811
"ADJPOPC","81","2035",15280
"ADJPOPC","83","2035",38880.27
"ADJPOPC","85","2035",70479.56
"ADJPOPC","87","2035",36624.32
"ADJPOPC","89","2035",19366.68
"ADJPOPC","91","2035",5568.047
"ADJPOPC","93","2035",30712.82
"ADJPOPC","95","2035",4721.044
"ADJPOPC","97","2035",25879.9
"ADJPOPC","99","2035",12403.61
"ADJPOPC","101","2035",192431
"ADJPOPC","103","2035",7186.115
"ADJPOPC","105","2035",12983.62
"ADJPOPC","107","2035",38747.14
"ADJPOPC","109","2035",7432.954
"ADJPOPC","111","2035",816.8648
"ADJPOPC","113","2035",14005.21
"ADJPOPC","115","2035",2640.197
"ADJPOPC","117","2035",46068.77
"ADJPOPC","119","2035",29643.03
"ADJPOPC","121","2035",5054.965
"ADJPOPC","123","2035",535937.4
"ADJPOPC","125","2035",12362.95
"ADJPOPC","500","2035",3943806
"ADJPOPC","3","2036",21463.94
"ADJPOPC","7","2036",21270.37
"ADJPOPC","9","2036",3795.854
"ADJPOPC","11","2036",6240.226
"ADJPOPC","15","2036",26240.11
"ADJPOPC","17","2036",2018.789
"ADJPOPC","19","2036",13623.15
"ADJPOPC","21","2036",9444.94
"ADJPOPC","23","2036",4065.85
"ADJPOPC","25","2036",6551.863
"ADJPOPC","27","2036",7056.147
"ADJPOPC","29","2036",43782.08
"ADJPOPC","33","2036",2381.132
"ADJPOPC","37","2036",86499.01
"ADJPOPC","39","2036",55747.17
"ADJPOPC","41","2036",916136.2
"ADJPOPC","43","2036",61262.71
"ADJPOPC","45","2036",90631.93
"ADJPOPC","47","2036",6578.311
"ADJPOPC","49","2036",23225.34
"ADJPOPC","51","2036",20967.66
"ADJPOPC","53","2036",1307.256
"ADJPOPC","55","2036",8126.52
"ADJPOPC","57","2036",1636.474
"ADJPOPC","61","2036",1667.325
"ADJPOPC","63","2036",9340.637
"ADJPOPC","65","2036",9318.139
"ADJPOPC","67","2036",81577.64
"ADJPOPC","69","2036",460456.5
"ADJPOPC","71","2036",20020.79
"ADJPOPC","73","2036",7243.355
"ADJPOPC","75","2036",28502.46
"ADJPOPC","77","2036",204960.1
"ADJPOPC","79","2036",829.7487
"ADJPOPC","81","2036",15398.7
"ADJPOPC","83","2036",39499.3
"ADJPOPC","85","2036",71877.56
"ADJPOPC","87","2036",37086.85
"ADJPOPC","89","2036",19344.62
"ADJPOPC","91","2036",5580.777
"ADJPOPC","93","2036",31127.21
"ADJPOPC","95","2036",4736.918
"ADJPOPC","97","2036",26322.8
"ADJPOPC","99","2036",12423.03
"ADJPOPC","101","2036",193835.7
"ADJPOPC","103","2036",7225.755
"ADJPOPC","105","2036",13041.3
"ADJPOPC","107","2036",39580.78
"ADJPOPC","109","2036",7516.282
"ADJPOPC","111","2036",824.1485
"ADJPOPC","113","2036",14312.66
"ADJPOPC","115","2036",2656.654
"ADJPOPC","117","2036",46807.4
"ADJPOPC","119","2036",29829.22
"ADJPOPC","121","2036",5050.683
"ADJPOPC","123","2036",550228.6
"ADJPOPC","125","2036",12458.29
"ADJPOPC","500","2036",3991864
"ADJPOPC","3","2037",21742.78
"ADJPOPC","7","2037",21738.83
"ADJPOPC","9","2037",3810.421
"ADJPOPC","11","2037",6250.231
"ADJPOPC","15","2037",26439.92
"ADJPOPC","17","2037",2008.825
"ADJPOPC","19","2037",13861.19
"ADJPOPC","21","2037",9504.629
"ADJPOPC","23","2037",4081.379
"ADJPOPC","25","2037",6596.001
"ADJPOPC","27","2037",7162.256
"ADJPOPC","29","2037",44429.29
"ADJPOPC","33","2037",2412.895
"ADJPOPC","37","2037",88414.71
"ADJPOPC","39","2037",56802.95
"ADJPOPC","41","2037",926558.8
"ADJPOPC","43","2037",61892.49
"ADJPOPC","45","2037",92275.45
"ADJPOPC","47","2037",6613.743
"ADJPOPC","49","2037",23610.92
"ADJPOPC","51","2037",21194.15
"ADJPOPC","53","2037",1336.306
"ADJPOPC","55","2037",8139.016
"ADJPOPC","57","2037",1649.897
"ADJPOPC","61","2037",1681.166
"ADJPOPC","63","2037",9413.276
"ADJPOPC","65","2037",9406.174
"ADJPOPC","67","2037",82654.65
"ADJPOPC","69","2037",466204.6
"ADJPOPC","71","2037",20200.8
"ADJPOPC","73","2037",7332.906
"ADJPOPC","75","2037",28837.43
"ADJPOPC","77","2037",207585.2
"ADJPOPC","79","2037",834.2387
"ADJPOPC","81","2037",15517.47
"ADJPOPC","83","2037",40125.52
"ADJPOPC","85","2037",73263.55
"ADJPOPC","87","2037",37573.57
"ADJPOPC","89","2037",19322.75
"ADJPOPC","91","2037",5600.965
"ADJPOPC","93","2037",31480.61
"ADJPOPC","95","2037",4761.103
"ADJPOPC","97","2037",26750.42
"ADJPOPC","99","2037",12494.26
"ADJPOPC","101","2037",195211.4
"ADJPOPC","103","2037",7264.989
"ADJPOPC","105","2037",13098.55
"ADJPOPC","107","2037",40422.33
"ADJPOPC","109","2037",7598.852
"ADJPOPC","111","2037",829.4634
"ADJPOPC","113","2037",14618.28
"ADJPOPC","115","2037",2679.471
"ADJPOPC","117","2037",47555.87
"ADJPOPC","119","2037",30010.04
"ADJPOPC","121","2037",5046.022
"ADJPOPC","123","2037",564336.7
"ADJPOPC","125","2037",12567.02
"ADJPOPC","500","2037",4035964
"ADJPOPC","3","2038",22022.3
"ADJPOPC","7","2038",22200
"ADJPOPC","9","2038",3825.383
"ADJPOPC","11","2038",6260.703
"ADJPOPC","15","2038",26636.74
"ADJPOPC","17","2038",1998.548
"ADJPOPC","19","2038",14100.27
"ADJPOPC","21","2038",9571.11
"ADJPOPC","23","2038",4103.538
"ADJPOPC","25","2038",6656.389
"ADJPOPC","27","2038",7257.651
"ADJPOPC","29","2038",45074.77
"ADJPOPC","33","2038",2444.853
"ADJPOPC","37","2038",90319
"ADJPOPC","39","2038",57842.89
"ADJPOPC","41","2038",936927.8
"ADJPOPC","43","2038",62527.25
"ADJPOPC","45","2038",93911.85
"ADJPOPC","47","2038",6649.338
"ADJPOPC","49","2038",23988.48
"ADJPOPC","51","2038",21418.87
"ADJPOPC","53","2038",1365.538
"ADJPOPC","55","2038",8151.548
"ADJPOPC","57","2038",1665.262
"ADJPOPC","61","2038",1697.055
"ADJPOPC","63","2038",9486.49
"ADJPOPC","65","2038",9482.956
"ADJPOPC","67","2038",83706.96
"ADJPOPC","69","2038",471908.5
"ADJPOPC","71","2038",20378.9
"ADJPOPC","73","2038",7422.441
"ADJPOPC","75","2038",29174.83
"ADJPOPC","77","2038",210184.3
"ADJPOPC","79","2038",842.8783
"ADJPOPC","81","2038",15636.35
"ADJPOPC","83","2038",40756.43
"ADJPOPC","85","2038",74637.27
"ADJPOPC","87","2038",38058.84
"ADJPOPC","89","2038",19301.13
"ADJPOPC","91","2038",5618.473
"ADJPOPC","93","2038",31773.53
"ADJPOPC","95","2038",4782.411
"ADJPOPC","97","2038",27178.15
"ADJPOPC","99","2038",12568.65
"ADJPOPC","101","2038",196558.5
"ADJPOPC","103","2038",7303.731
"ADJPOPC","105","2038",13155.45
"ADJPOPC","107","2038",41260.59
"ADJPOPC","109","2038",7680.807
"ADJPOPC","111","2038",836.8789
"ADJPOPC","113","2038",14922.04
"ADJPOPC","115","2038",2703.559
"ADJPOPC","117","2038",48274.51
"ADJPOPC","119","2038",30186.84
"ADJPOPC","121","2038",5041.047
"ADJPOPC","123","2038",578256.9
"ADJPOPC","125","2038",12654.29
"ADJPOPC","500","2038",4079593
"ADJPOPC","3","2039",22303.21
"ADJPOPC","7","2039",22663.37
"ADJPOPC","9","2039",3840.751
"ADJPOPC","11","2039",6271.705
"ADJPOPC","15","2039",26831.06
"ADJPOPC","17","2039",1988.029
"ADJPOPC","19","2039",14340.46
"ADJPOPC","21","2039",9633.269
"ADJPOPC","23","2039",4130.338
"ADJPOPC","25","2039",6715.926
"ADJPOPC","27","2039",7352.686
"ADJPOPC","29","2039",45707.6
"ADJPOPC","33","2039",2476.986
"ADJPOPC","37","2039",92212.93
"ADJPOPC","39","2039",58868
"ADJPOPC","41","2039",947252.6
"ADJPOPC","43","2039",63181.68
"ADJPOPC","45","2039",95541.34
"ADJPOPC","47","2039",6674.788
"ADJPOPC","49","2039",24370.62
"ADJPOPC","51","2039",21641.58
"ADJPOPC","53","2039",1394.985
"ADJPOPC","55","2039",8164.404
"ADJPOPC","57","2039",1671.45
"ADJPOPC","61","2039",1720.118
"ADJPOPC","63","2039",9560.141
"ADJPOPC","65","2039",9548.298
"ADJPOPC","67","2039",84760.12
"ADJPOPC","69","2039",477579.2
"ADJPOPC","71","2039",20555.44
"ADJPOPC","73","2039",7519.082
"ADJPOPC","75","2039",29501.34
"ADJPOPC","77","2039",212756.9
"ADJPOPC","79","2039",849.58
"ADJPOPC","81","2039",15755.45
"ADJPOPC","83","2039",41382.38
"ADJPOPC","85","2039",75998.72
"ADJPOPC","87","2039",38542.42
"ADJPOPC","89","2039",19279.73
"ADJPOPC","91","2039",5636.473
"ADJPOPC","93","2039",32006.54
"ADJPOPC","95","2039",4793.586
"ADJPOPC","97","2039",27609.82
"ADJPOPC","99","2039",12654.64
"ADJPOPC","101","2039",197980.2
"ADJPOPC","103","2039",7341.848
"ADJPOPC","105","2039",13212.14
"ADJPOPC","107","2039",42090.66
"ADJPOPC","109","2039",7762.278
"ADJPOPC","111","2039",844.3522
"ADJPOPC","113","2039",15223.97
"ADJPOPC","115","2039",2714.49
"ADJPOPC","117","2039",49000.77
"ADJPOPC","119","2039",30360.51
"ADJPOPC","121","2039",5035.85
"ADJPOPC","123","2039",591986.9
"ADJPOPC","125","2039",12756.9
"ADJPOPC","500","2039",4122759
"ADJPOPC","3","2040",22585.75
"ADJPOPC","7","2040",23119.63
"ADJPOPC","9","2040",3856.494
"ADJPOPC","11","2040",6283.225
"ADJPOPC","15","2040",27023.3
"ADJPOPC","17","2040",1977.31
"ADJPOPC","19","2040",14581.87
"ADJPOPC","21","2040",9694.195
"ADJPOPC","23","2040",4157.76
"ADJPOPC","25","2040",6776.687
"ADJPOPC","27","2040",7447.58
"ADJPOPC","29","2040",46240.61
"ADJPOPC","33","2040",2504.09
"ADJPOPC","37","2040",94098.07
"ADJPOPC","39","2040",59879.16
"ADJPOPC","41","2040",957032.4
"ADJPOPC","43","2040",63832.78
"ADJPOPC","45","2040",97164.69
"ADJPOPC","47","2040",6700.156
"ADJPOPC","49","2040",24735.43
"ADJPOPC","51","2040",21861.88
"ADJPOPC","53","2040",1424.661
"ADJPOPC","55","2040",8177.765
"ADJPOPC","57","2040",1673.485
"ADJPOPC","61","2040",1735.063
"ADJPOPC","63","2040",9634.184
"ADJPOPC","65","2040",9607.434
"ADJPOPC","67","2040",85787.25
"ADJPOPC","69","2040",483421.1
"ADJPOPC","71","2040",20730.77
"ADJPOPC","73","2040",7605.414
"ADJPOPC","75","2040",29820.86
"ADJPOPC","77","2040",215302.8
"ADJPOPC","79","2040",854.3582
"ADJPOPC","81","2040",15875.05
"ADJPOPC","83","2040",42011.22
"ADJPOPC","85","2040",77348.31
"ADJPOPC","87","2040",39024.19
"ADJPOPC","89","2040",19258.46
"ADJPOPC","91","2040",5666.378
"ADJPOPC","93","2040",32180.34
"ADJPOPC","95","2040",4813.07
"ADJPOPC","97","2040",28033.16
"ADJPOPC","99","2040",12726.61
"ADJPOPC","101","2040",199479.4
"ADJPOPC","103","2040",7379.384
"ADJPOPC","105","2040",13268.79
"ADJPOPC","107","2040",42909.03
"ADJPOPC","109","2040",7843.388
"ADJPOPC","111","2040",846.7797
"ADJPOPC","113","2040",15524.14
"ADJPOPC","115","2040",2741.956
"ADJPOPC","117","2040",49709.03
"ADJPOPC","119","2040",30531.97
"ADJPOPC","121","2040",5030.516
"ADJPOPC","123","2040",605678.1
"ADJPOPC","125","2040",12841.08
"ADJPOPC","500","2040",4163829
